uid,name,url,movie_name,rating,comment
duduxiongzhifu,嘟嘟熊之父,https://www.douban.com/people/duduxiongzhifu/,从宫本到你,力荐,电影的开端即完成了预言：怯懦的宫本试图拯救金鱼作势逃离，却亲手杀死了它，短暂的欢愉过后，是一场假意温馨的埋葬。这世界只有两类人：一种是沉睡的宫本，一种是装睡的靖子，真正清醒的人难以苟活。宫本和靖子之间存在爱情吗？当靖子的呼救被暗夜吞没之时，爱情已被埋葬。她掐着宫本歇斯底里时依然勃起的阳具，那一刻她的狂怒在于她彻底放弃了觉醒的可能。她也未曾料到于宫本而言，那是一场未经预谋的催眠，宫本依然沉睡于成为一个男人成就一个家庭的幻梦之中，他用血肉模糊的切身之痛换取靖子曾经历过的那个心被四分五裂的夜晚。在他努力准备做一个父亲的同时，靖子早已成为了母亲。影片的结尾，靖子温顺单纯的像一切从未发生过一样，她依然在装睡，身边陪伴着她的是那个始终沉睡的宫本。
citywork,Methy,https://www.douban.com/people/citywork/,从宫本到你,推荐,电视剧是在困境中时不时地释放出动物性，电影就是完全“变成野兽”（quote堤老师）。因此对公司/社会叙事的完全抹除也是无奈但必然的创作选择，这个悖论导致这部片在某种意义上成为一部真的 porn movie. 但真利子是真的会用演员和他们的身体，也或许是当今唯一一个尝试解毒并重构男性气质的日本导演。
172966091,Annihilator,https://www.douban.com/people/172966091/,从宫本到你,力荐,【91%】不赞同文本的过度解析。本片真正伟大之处，在于其将无数对立元素协调统一：古典电影（情节）与现代电影（叙事）；旧式浪漫（雨、雪）与新浪潮式浪漫（城市游魂）；现实主义根基与日剧中二魂；俗套桥段与自我解构；清新的爱情与情欲的爱情；以及，最伟大的——男性爆发（兽性）与女性觉醒（母性），能在同一部电影中完成两者而不被撕裂已不容易，本片又在此之上做到了对「性别角色」最本能的回归与最彻底的打破，堪称奇迹。类型杂糅如此繁杂矛盾，观感竟如此平滑流畅，归功于真利子哲也对情绪的绝妙把控：无论是悲是喜是怒是悔，都采用聚集爆发点、延长间歇段的形式，制造极强的「张力」，观众完全无暇喘息。影像（前半段）亦有独特风格：将戏剧冲突置于景深中段，人物沿着中轴线在空间中前后穿梭，与观众形成一种半亲密、半疏离的「暧昧距离」。
willingnotto,Rhodesia,https://www.douban.com/people/willingnotto/,从宫本到你,推荐,剧里面让我特别讨厌的成分到电影版里放大了一千倍都有，但还是很震撼的，不光因为这是这几年看过literally最暴力的片，还因为终于让池松立住了这一个轴穿地心的形象。真利子哲也拍戏就是要演员剥皮的吧…
qijiuzhiyue,桃桃林林,https://www.douban.com/people/qijiuzhiyue/,从宫本到你,力荐,这部电影，实在是……把我的各种情绪都调动起来了。有愤怒的、绝望的、难过的，最后又是感动的，甚至有些释放。真利子哲也的电影总是有特别强烈的情绪，但是，这部跟情节结合得更好，也更能让观众投入。两个主演也是让他榨干了的感觉，各种情绪都释放出来了。藏在这些情绪背后的，则是对人生的无力感。是那种我很爱，但又不知该如何推荐给别人，或者说，不知道是否应该推荐给别人的一部电影。不过，还是想去推荐。
134002125,乍暖,https://www.douban.com/people/134002125/,从宫本到你,还行,7/10。日本近几年同类型电影的合集，从《错乱的一代》到《啊，荒野》再到《你因你是你》，同一种表现方式被反复使用，习惯后所能触及的情感变得越来越淡。这种愤怒我只在日本电影里见过，在这里男性尊严高于一切。我认为这是一部没有爱的电影，女人是男人们的争夺对象，男人激发兽性本能而撕咬。我最喜欢里面奇怪的幽默氛围，那种幼稚是真诚的。交配作为动物性的另一面，在本片中是不合格的。
48868523,起个响亮的名号,https://www.douban.com/people/48868523/,从宫本到你,力荐,刚开始的R15吓了一跳，宫本是这样的来着吗？最后结尾一下子崩溃爆哭，舞台挨拶的时候也是忍着眼泪都没看清真人。想起自己看完电视剧后还哭了好长时间，宫本就是这样的！那么傻、执着、热情，想到什么就去做的人！这样的宫本变成爸爸了！真的大丈夫嘛！幸福是痛苦的，感动是脆弱的，我和这个世界就是这样的关系！
veverlee,内陆飞鱼,https://www.douban.com/people/veverlee/,从宫本到你,推荐,台词太密集，一直咆哮到耳朵炸裂；颓丧变悲惨，经常性撕逼哭泣；介乎于《错乱的一代》和《从宫本到你》（日剧版）之间，没有前者暴躁和空茫，也没有后者失败者的爆发，成人向的职场，补救式的婚约，乱殴式复仇，不过导演和主演池松壮亮依然牛逼，消防楼梯上那一场斗殴对决，剪辑简直了，蚍蜉撼大象，决心与勇气第一，打到趴下也要抓蛋取胜，燃爆，每当牙床暴露就笑惨。哎哎，这些年观察下来，苍井优定律业已形成：每演女主，必是事事不顺的悲情苦主（如《她不知道名字的那些鸟儿》《漫长的告别》《从宫本到你-电影版》等）；每演配角，必是潇洒加帅气（《从宫本到你-日剧版》《恋爱回旋》），算了不忍盘点了……
ILWTFT,文森特九六,https://www.douban.com/people/ILWTFT/,从宫本到你,力荐,一场佩金帕式蓄力，嵌套住一个十分钟怪兽格斗番的残暴释放，彻底激活了这样一对希望与绝望并置的男女养成同谋。剪辑手法如同电影本身狂暴的行为引擎，摧毁叙事惯性摧毁旧情节程式，拳头、嘶吼、血液、泪水卷进穷途漩涡，如被逼上绝路的野兽，不择手段，互欺互救，誓死搏出的，并非尊严和价值，仅是生命的正常呼吸。下一代成了彼此牵挂幻梦的筹码，维系缥缈却坚定的脐带，只为报仇后可以麻木的止血、拥抱、顺从，继续备战下一轮血肉横飞的征服。错乱的一代的猛烈攻击性在此得到了详尽注解，不再回避，为准备死去而偏执兽性的爱着活着。
flowermumu,欢乐分裂,https://www.douban.com/people/flowermumu/,从宫本到你,推荐,看得几乎同步吐血，比剧版更升级的癫狂，以一种迷人的错乱与切入骨髓的痛感，让观者沉浸其中。在铜墙铁壁的世界中作困兽斗，与全世界为敌，摧毁更弱之人的勇气，我们就是一群遵守冷酷丛林法则互相撕咬的怪兽啊！然而，“你是我的敌人”——又多么明亮，多么美，彼此挖开的伤口像是开在血泊里的恶之花，以身体的残破完成征服星途大海，拳拳到肉是卑微如我留给你们的证明。丧到极点，反向生出丝丝暖意——“活着的人都是坚强的”。
petercat,Peter Cat,https://www.douban.com/people/petercat/,从宫本到你,力荐,我们并不需要华而不实的想象力，另外预设一个星球（或规则），却仍旧以最保守方式处理着刻板人物和陈词滥调的故事；我们只需围绕着现实做夸张的摇摆，却因此动用起身体的全部潜能，被迫着发出怒吼，却最精准朝向人性中原始部分。让演员和观众的身体开始觉醒并进一步拓展，但却不需要冗余的美学花招，和炫技式的调度，这就是一个作者的自信和实力，也是新生代日本作者给我们的电影教育。
34347136,郭连凯,https://www.douban.com/people/34347136/,从宫本到你,力荐,真他妈绝了，真利子哲也几乎是要把演员撕碎的态势，高楼楼梯的那场血肉搏击展现的痛感在电影史上都罕见，池松壮亮完成了《愤怒的公牛》中德尼罗式的演出（我就想知道断牙是真的断了还是特效），要是算作2019年的电影的话，这就是我的2019最佳。
yanluohan,颜落寒,https://www.douban.com/people/yanluohan/,从宫本到你,推荐,“对不起，给你添麻烦了。”“没关系，我会陪着你的。”活着的人都是坚强的。鲜烈而纯粹，愚蠢而疯狂的爱，就算会败北，也绝不认输。什么都没有，也至少拥有与这世界死磕到底的莽撞与勇气。不遑多论池松有多优秀，我永远喜欢苍井优😭😭😭十几年前看《莉莉周》《花与爱丽丝》的时候，会想象得到看她演戏这么多年，进化成如今如此豁得出去，出色立派的女演员吗？不，或许从《跨越栅栏》《未闻鸟名》那两年就该意识到了吧！（四缪斯诚不欺我，都太棒了~
babulliu,把噗,https://www.douban.com/people/babulliu/,从宫本到你,推荐,比隔壁的《火口》可劲爆太多了
longzheking,汪金卫,https://www.douban.com/people/longzheking/,从宫本到你,推荐,【台北in89豪华影城】即使对池松壮亮癫狂爆发的表演已见怪不怪，即使已经在《安昙春子》《那些鸟》中见识到了苍井优邋遢而颓废的形象突破。还是被如此狗血而极端炽热、暴躁、血腥、疯狂、置之死地而后生的日式中二爱情感动到，并且更是被苍井优大尺度露出吓到。她不仅面部不施脂粉，身体皮肤的松弛也在大银幕上清晰可见。真是豁出去了，震撼之余心疼与敬意油然而生。池松壮亮的崩门牙式歇斯底里困兽犹斗表演太亮了，与壮汉的几场暴力戏也一度看得目瞪口呆。倒叙+插叙的结构处理极佳。国内这帮明星真该看看日本明星都在怎么表演吧！四星半
153112416,思路乐,https://www.douban.com/people/153112416/,从宫本到你,推荐,【B+】一部关于兽性，关于驯服，关于交配，关于困兽，关于影像知觉的建立，关于日式中二语境下所独有的情绪外放，关于肢体表演的癫狂，关于睾丸的碎裂，关于环境/人群的完全静默，关于美好愿景的彻底消融....但全片看下来，却没有一点「爱」的迹象可循，实在可怕。
mutangtang1,被子,https://www.douban.com/people/mutangtang1/,从宫本到你,还行,还是更喜欢剧版，电影真的过于兽性了，就连唯一的主要女性角色都很男性化...没有平衡好力度，就失去了真情实感，过犹不及。看的过程中，几度想起身走人。说白了，完全就是男性的自我感动，而且是非常愚蠢的那种。
yellowmoonbird,晚不安,https://www.douban.com/people/yellowmoonbird/,从宫本到你,力荐,暴烈的一代，比电视剧还残酷十倍。什么是超越性的情感体验？起笔的日常家庭生活里的小确幸与哀愁，那些继承自小津安二郎、山田洋次或者是枝裕和的东西，也许能发展成另一部电影的主题，但很快就被真利子哲也强烈的抒发冲散了——岁月静好从来只是一个谎言。这次不仅有高能的聚集的人物状态，更有惨烈的事件不断将角色拽向深渊，以至于在绝境中被击碎，野兽终于破壳而出。男人被迫逼视着其愤怒中的懦弱与无能，在判决之后仍投入实力悬殊但非赢不可的战斗。最后一场动作戏是难以置信的：不服输的精神并不罕见，激烈的缠斗也并非独树一帜，令人惊异的是弥散其中的喜剧性，那磅礴的幽默与极致的癫狂。在这肮脏的世上，怎么还能相信希望的可能呢？无非是想要活下去的简单愿望，想要享受一点仅有的幸福。哑着嗓子的池松壮亮想说的是，尊严与你相比不值一提。
hansean,Derridager,https://www.douban.com/people/hansean/,从宫本到你,推荐,愤怒如今也变得日常、单调和持续不断，这种原先“高尚”的情感不再道德，也不再具备任何净化作用。它不再以“出其不备”的方式突如其来，而是内蕴在日常生活中，因此与愤怒相关的暴力事件不再具有观赏性，全然变成了动物性的撕斗——如果我没看漏，宫本不仅想要抓对手的生殖器，还想要啃咬。暴力也因此日常化了。最让我感到“痛”是宫本躺在夕阳下，看着自己的血牙苦笑（这种情绪很难描述）道：“なくなちゃう”。那颗牙好像从他身上掉下的“零件”。
4655509,圆首的秘书,https://www.douban.com/people/4655509/,从宫本到你,推荐,太疼，真的突破个人极限了，身体开始本能拒斥。无论是生理还是心理都很暴击，种种关系过于残酷真实，以至于有点恐怖谷效应。真利子哲也或许是下一代导演里最懂得调教演员，最能刺痛人身心的那个。但当他把上一代的格斗场的围栏天蓬拆掉，把格斗手放到这个世界里…不确定还能忍受多久
lotusT,Wallys,https://www.douban.com/people/lotusT/,从宫本到你,还行,十個男性中十個廢、九個渣、八個蠢；蒼井優還是嫁給我吧。廢不是指社經條件，而是指精氣神，指白目與無能的高度重疊相輔相成的狀態，而宮本這種在都市馴化或都市動物園原生的白化症野獸，卻是廢男裡的努力家、反英雄，無能也要奮鬥，即使是無能地奮鬥、軟弱地守護、僥倖地期望——諸君連這樣的努力也沒有呢。從《你的鳥兒會唱歌》軟爛靈魂在北海道幽藍深夜底招搖，到這廢男被除魅成，珍愛生命該遠離的對象。
93124222,寒枝雀静,https://www.douban.com/people/93124222/,从宫本到你,较差,1.5 / 在私影史里算是非常标准的日式中二：精密计算的横冲直撞，循规蹈矩的精疲力竭，虚张声势的“野性”难驯，最后再配上几句故作深沉的金句感悟。从那场施暴戏开始就图穷匕首见，拖拽到最后回到贫瘠的暴力展演逻辑。两个小时真的有建立任何人物吗？又或者有任何纸片人物的生成性变化吗？宫本除了在一个机械的框架下张牙舞爪有任何深度的心理挖掘吗？又或者有什么丰实的情境铺垫吗？编剧苦心孤诣编织的时间结构，有挥洒出什么荡气回肠的节奏或冲势吗？又或者，这种干瘪的癫狂接力产生了任何自我反诘的趣味空间吗？都没有，空无一物。池松壮亮和苍井优演技飙得再高，也只能算是2019日本《演员请就位》冠军组视频集锦罢了。
149152146,顗礼,https://www.douban.com/people/149152146/,从宫本到你,推荐,"论父母的身份究竟能赋予人类多强大的能量。几乎是比《错乱的一代》还要狠的存在，直指人心的残酷描述，本能/暴力/性皆成为了把现实侵入戏剧的元素，试听系统与文本建构将观者的情绪完全调动了起来，更加不可思议的是，池松壮亮和苍井优强大的表演与真利子哲也的作者表达并没有互相抢风头而是相辅相成，这种级别的掌控力是值得一切赞誉的。
生活的苦难本身就是最大的强奸者，各种各样的折磨每天都在侵蚀着人们的内心，唯有拿出与世界为敌的勇气去化身野兽才能与之相抗衡；所以你看，宫本和靖子在近乎癫狂的状态之中却依旧有一对澄澈的双眼"
53031165,她已跟随黄昏,https://www.douban.com/people/53031165/,从宫本到你,较差,蔓延到成年男性的中二病。
39596190,本雅明不配钦自,https://www.douban.com/people/39596190/,从宫本到你,,有一天晚上吃饭，坐在导演旁边。我问他池松壮亮作为演员咋样，他说：太厉害了，不过好难请啊。
seabisuit,seabisuit,https://www.douban.com/people/seabisuit/,从宫本到你,力荐,男人真命苦，没种？苍井优表演的尺度又有升级，与池松壮亮一起变成怪兽互相疯狂的嘶吼，血淋淋的做爱伤害结婚生子，并且用愤怒的肉身与整个残酷的世界和恶魔开战，碰撞出极致的男女情感。真利子哲也在《错乱的一代》之后继续展现暴力的痛感，没看过漫画和剧集问题不大，借用人物角色相对独立的故事，而且是非线性剪辑，打乱的时间以身体和伤势的变化区分。也许是宫本初为人父的那种不安和亢奋击中了我，爆发出无穷力量的他奉献出本年度最强的复仇者形象以及最夯的求婚场景，朴赞郁的那个三部曲也都有致敬。让你哭的时候笑并鼓掌叫好，大决战那场戏旁边两个台湾妹子蜷缩在椅子上拿衣服捂住不敢看，我也把奶茶的吸管咬得稀烂，应该是今年最喜欢的一部电影。今后要竭尽所能的与最爱的人撕扯守护并一同在操蛋的生活中继续下去。#金马56#台北院线二刷。
ruo1996,徐若风,https://www.douban.com/people/ruo1996/,从宫本到你,力荐,4.5  真利子哲也的神奇可能在于，他电影里的世界看起来是现实的，但其实错乱无比，就是我们世界的平行宇宙。几乎每场戏都会在各个方面上有令人意想不到的地方，原创性很高，最后半小时都逼得我站起来喘着气看才能看完。如果说日剧是在现实基础上塑造偶尔脱线的人物，那么作为后续的电影版则是另一种存在，里面的人成为彻头彻尾癫狂的野兽，而之前的现实性也被打碎、重组，社会被隐没，效果反而出奇，比萨弗迪兄弟和卡萨维蒂镜头下的那种躁郁人物还要更出格过火。虽然整部电影在方方面面都以扭曲、撕碎、分裂为目的，但文本背后讲的东西又是反向的，所谓的男性尊严、男性气质成为了被嘲讽的对象，宫本赢的方式和血色浪漫也不过是下三滥的、可笑的。燃也好、激昂也好，本质就是丧。一旦短暂被隐没的社会再度浮现，更多的问题等着宫本。
156433063,七迭香,https://www.douban.com/people/156433063/,从宫本到你,很差,这不是电影，这是荷尔蒙过剩的巨人男婴在满世界割女性的下体，很难为如此无理取闹的暴力找到一个于我们的道德观有所启示的缘由。宫本首先是个在父权社会的隐性暴力中丧失自尊的人，然后是因此在对扭曲的期待中，不择手段自我成全的巨婴，再来是一个将女性和后代双双所有物化的霸凌男性，本质上仍然是以暴制暴中同时接受又施与着暴力，而无能跳出循环，终止恶性传递的人类次品。你说这是对兽性的回归也好，极致的热血也好，肌体对四分五裂声嘶力竭的向往也好，都不能粉饰一个幼稚的人格，他身体里对世界机制的茫然，他对未来理所当然的纯真想象，以及那个他声称自己所爱的人，在目睹他拙劣的胜利过后，眼中的厌恶，恐惧和屈服。
131861906,WakingBruce,https://www.douban.com/people/131861906/,从宫本到你,力荐,【88】tghff56。年度五佳+日影最佳。真利子哲也靠着惊为天人的极致热血中二，让我在影厅里整整哭了一个小时。交错的场景叙事，预先知晓的苦难与抗争，让观众舍弃掉一切无用的分析与猜测，得以浸入那时刻颤抖的影像世界，体验那喷涌而出的情绪，与生命存在于当下的意义。P.S.池松壮亮和优酱的演技都太tm狠了！！！！！
milukulam,林西拿,https://www.douban.com/people/milukulam/,从宫本到你,,我看日本電影快完了
pianji,绿衣去2010,https://www.douban.com/people/pianji/,从宫本到你,推荐,名副其实的血泪电影……池松壮亮就是宫本浩，宫本浩就是池松壮亮。
180484217,江湖骗子,https://www.douban.com/people/180484217/,从宫本到你,很差,"用力过度 ，傻逼男主像极我身边一个死缠烂打的奇葩，连长得都很像，看的时候生理性呕吐，让人产生无法逃离生活中那奇葩的困境窒息感，这大概叫投射吧。我甚至会极其担心哪天奇葩捅我一刀，玉石俱焚。
还有看起来好累啊，情绪随时是紧绷高调状态，演员也好累啊 生活像不透风的墙就好累。被一厢情愿的爱窒息的女人，男主你爱的不是她，你只是爱着这个过程中的你自己，说到底自私又自大。"
80894285,Hiroshi,https://www.douban.com/people/80894285/,从宫本到你,还行,池松壮亮的演技还是一如既往地完璧，优酱的演技和从影尺度（一点也不输「她不知道名字的那些鸟儿」）也都是赛高，但相比去年侧重职场描写的电视剧版，这部基于漫画原作的后半部分、重点描写爱情戏份的电影実写版反而没有那么打动我。究其原因，也许是因为电影版太过热血、太像漫画了，能感受到电影传递的那种「究極」的爱，但说实话又很难进入那个实在被过度浪漫化的场景。而这也许是我更喜欢电视剧版的原因，因为它足够真实，足够残酷，真实、残酷地就像我们自己惨淡的现实。
rakumm,匡匡,https://www.douban.com/people/rakumm/,从宫本到你,力荐,情绪过山车一样的体验。有好几次要按下暂停，喘口气稳稳神儿再看。握紧拳头，泪流满面，嘶嘶呼气喊痛的岂止是主演们啊。坐在画面外的观者血压一定也升高了好几回。从姨母笑切换成心绞痛，再从心绞痛切换成哈哈大笑，不也是秒速吗？所有声嘶力竭的咆哮，不是演员的擅自发挥，显然是导演的刻意追求。池松和优酱的表演有人说用力过猛。可是，看看池松不用力的时候吧。演蔫是蔫，演怂是怂，演憨是憨，演客气是客气，演规矩老实是规矩老实，尺寸可丁可卯，一点也不oversize啊。这就是好演员。从不缺斤短两。优酱也是。强奸戏那种撕心裂肺，看得心疼。去用力过猛的生活吧。纵有一千个敌人又怎样呢？
jeffersontang,大觉老狗,https://www.douban.com/people/jeffersontang/,从宫本到你,推荐,剧场版这就是不止于较劲了，这是真的“与世界为敌”愣头青兽性到底了，且更具魔幻现实，生猛无比，令人目瞪口呆。看来备胎之王这个人设是要铁锤了，总之宫本你太难了。囿于个人日影经验，感觉此片整体是用力过度的。池松壮亮楼梯口被锤爆这个，演员脸都黄了 ，简直就是拿命在表演。这种拳拳到肉的残酷与痛感比起《叶问》那种表演性质的动作片真实的多了，这种力量对比悬殊、各种阴招损招齐上，全然动物性本能的反抗，用以维持男人尊严的暴力场面，太让我印象深刻。P.S  两段床戏，久违的剧情，用地铁老头看手机的表情看完，巧妙又不尴尬。7.9
4627124,過期罐頭,https://www.douban.com/people/4627124/,从宫本到你,较差,先不说漫画式的表演和人物逻辑了，就说这种价值观我真的接受不了，凭什么彰显男性气概要建立在（利用）女性的痛苦上，蠢爆了，最后优酱竟然还和这种中二男结婚了。
xiaoqiao0414,她不存在,https://www.douban.com/people/xiaoqiao0414/,从宫本到你,推荐,苍井优演得太tm好了。。
amyli1989,AMY园,https://www.douban.com/people/amyli1989/,从宫本到你,力荐,宮本は中二病重症に見えるだが、実は「強くて凜々しい彼女に敵わない」と敬意を持っている。だから宮本がカワイイ。鮮烈な演技、蒼井と池松ふたりとも素晴らしい。よく考えたらめちゃくちゃなストーリーだが、いい意味で昭和臭い
kidneytopo,Ou,https://www.douban.com/people/kidneytopo/,从宫本到你,较差,有两场关于生殖器的好戏，但比《错乱的一代》退步太多。“动物性”成为一种可被调用的潜能，通过持久的锻炼和情感准备可以达到？而在《错乱的一代》里，我们随时被提醒，一旦变成动物可能就回不来了。
131758163,工凡,https://www.douban.com/people/131758163/,从宫本到你,推荐,"虽然最终可能还是只提供了非常陈旧的分析框架，还是想忠实地写感受到的男性同性社会对于男性和女性的双重压抑（比如强调男性一定要奋斗、男性要通过暴力的方式来证明自己、男性对女性的暴力胁迫），而苍井优饰演的靖子发出了最有力量的质问和声音，「我不允许你生气，也不需要你同情我」，「这件事情有过分到你比我这个当事人还要慌乱吗」。「爸爸不会祝福我们」，「（你）自己的尊严被践踏了才不甘心」，她始终保持了一种尖刻和清醒。而她在海边说「我一个人承担着两条生命」「我不会输给你的」让我想起来费兰特所写的对自我身体及生命有严密和热切观照的、极具侵略性的蜿蜒猖獗的女性。
让我没有想到的还有宫本作为男性的回答，「我是为了我自己，但我想让你夸赞我」，从他作为男性的动物性的本能，让我感受到了可以对抗更宏大力量的可能。"
44457357,黑狗成,https://www.douban.com/people/44457357/,从宫本到你,推荐,真利子哲也就不吹了，稳得很，两位真正有追求的主演，大大的致敬。
2049622,LOOK,https://www.douban.com/people/2049622/,从宫本到你,力荐,无法不令人动容的狂暴兽性之爱。宫本浩大战拓马的高潮戏，其动作设计拍出了超越极限的生命强度的韧性，极致的反社会表达。特别注意的细节，两位演员的狂暴演出，并非简单的情绪发泄，而是能演出身体的痉挛感，这绝非易事。稍显遗憾的是苍井优的床戏，相比身体暴力，略有欠缺，动物式的交配感没有完全达标。4.5
45756218,Kyo,https://www.douban.com/people/45756218/,从宫本到你,力荐,很棒的电影、我左边的妹子笑的很开心、我右边的小哥哭的泣不成声。
65576339,堤,https://www.douban.com/people/65576339/,从宫本到你,力荐,成为野兽。
wusequanwei,五色全味,https://www.douban.com/people/wusequanwei/,从宫本到你,推荐,通篇過火不適的歇斯底里，想不到看到最後還挺感動，能拼盡全力保護所愛的人就是男人的熱血中二吧。好的戲份基本給了池松壯亮，對蒼井優其實不太公平
jundle,盲忙,https://www.douban.com/people/jundle/,从宫本到你,推荐,看到这个曾经纯真弱不禁风的男孩在生活的胁迫下努力地成长，真是又心酸又心碎，可如果总能拿柔弱当作武器，谁又愿意痛苦的坚强？是的，这样的成人礼太过残酷，然而对于平凡的你我，世界的面目或许本就如此。父母眼里的你总是那个惹是生非让他们操心又不懂事的小孩，他们永远不知道你正经历着怎样的磨难，池松壮亮那个时刻欲言又止的愤怒，和即将夺眶而出的眼泪令人触目惊心，竟是全片最让我动容的时刻。anyway，和胖子打架的戏好羞耻，他是把那里咬了吗？
dekadeyang,德卡的羊,https://www.douban.com/people/dekadeyang/,从宫本到你,力荐,91/100，牛逼到炸裂！池松壮亮和苍井优都疯了，我看完也疯了！真利子哲也在《错乱的一代》后在自我的影像世界里疯狂生长，对社会新人类的精准描摹，由前作的“无因”暴力进化到男性被社会规训所做出的兽性反击，终于为动作与暴力找寻到了自然的动力源泉，身体的血液喷薄，亲吻、做爱、奔跑、出拳、嘶吼，几乎拍出了身体的极限，全都是嚣张爆裂的能量由内而外震颤——我没有理由跟你们一样，但依旧要这样撕碎一切。
Invisible___,無 念。,https://www.douban.com/people/Invisible___/,从宫本到你,力荐,哭到浑身颤抖，大腿都被自己掐红了，完全不知道该怎么写短评。幼稚的成熟，暴力的浪漫，厮打成兽，理智如人，一部将男权社会的面具狠狠撕碎，再在废墟上建立起残缺尊严的解构作品。相比爱，看到更多的是恨。可是两株野草的彼此伤害有什么可值得歌颂的呢？但它们的纠缠至少会在狂风中抱紧彼此。男人的任性是退化成野兽才与全世界为敌，而女人仅仅是因为做自己就已经不堪重负了。男人真命苦？做人都命苦！
132120709,Notjustamovie,https://www.douban.com/people/132120709/,从宫本到你,推荐,一个非常重口味又非常小清新的电影。
37483485,小J²,https://www.douban.com/people/37483485/,从宫本到你,推荐,《敏行快跑》加强版，尤其打架那场戏设计的太过瘾了。男女主角没有在“被强暴”这件事上进行任何女德相关纠结——认为这是场单纯的暴力，弱者被霸凌就会愤怒，就要抗争。两人也没在“孩子是谁的”这个问题上进行血统纠结，因为觉得根本不重要（前男友则很在意）。面对男主求婚女主坦言：“怀孕也不代表就非结婚不可。”男主打完架后自白：“不是为了你，全是我的自我满足罢了。”你帮我打架，我帮你补牙，相互扶持。被感动到，这才是真正的女权。唯一问题还是漫画感太重，有点用力过度。
Yosan_Lyeast,江声走🔒,https://www.douban.com/people/Yosan_Lyeast/,从宫本到你,推荐,怎么那么像冯斯登堡的默片《求救的人们》的？从剧情到性别关系、到最后的暴力，都很相似啊。类似的剧情其实还有很多老电影。可见这种以雄性尊严所驱动的拯救爱情的故事，是某种故事原型之一，只是这样的原型故事已经很久没有在性别关系步入后现代的欧美电影中看到了（除了东木老爷爷），日本的社会结构恰恰提供了给这样的故事回光返照的土壤。捏爆蛋蛋确实很爽，但还是不如 《不可饶恕》 爽
55613349,松野空松,https://www.douban.com/people/55613349/,从宫本到你,推荐,8.0 电影在体感安排上非常像《原钻》，前者在松懈下来看到的是悲凉，说起来只有在日本才会拍出如此男权的电影。男性权力的核心就是鸡巴，男主在绝对男性力量面前非常巧妙得抓住这一点反击，而他反击的理由也是被男权潜移默化的，受害者是二人爱情的基石
spiky1920,alain.proust,https://www.douban.com/people/spiky1920/,从宫本到你,较差,无能狂怒，san值狂掉。
lumins,1先森,https://www.douban.com/people/lumins/,从宫本到你,很差,对于痛感强的我来说，这部电影是一部不折不扣的cult电影，无论从生理上还是情感上，它都能引起我强烈不适的个人感受。我理解那种旧有味道的和式情怀，那种日本男儿男子本位的古典昭和情怀，但这种情感的落没并不是偶然的，它其实是平权思想和开放视野的一种必然代谢，尽管这样的中心思想有着同样怀旧的日式情欲和清新/热血的皮囊做绿叶，但透过一切看下来后依然无法令人信服。人之所以为文明的人类，更多是一种有所约束的本我和自我、感性与理性相交织而成的复杂产物，正是这样的复杂才让感情令所有的人类所共鸣。表演中情感张力绝不是通过无尽的嘶吼和迸发的高对比血液所体现的（看看《婚姻故事》表演中的收与放吧），残酷也不会是生活的全部面貌，永远不是。
zhangzongqian,亵渎电影,https://www.douban.com/people/zhangzongqian/,从宫本到你,推荐,果然又是荷尔蒙爆发，这俩演员真是怒吼着演完的，不过还是《错乱的一代》更极端一点。这个导演挺特别的，他的兴趣点总是剑走偏锋，在一个传统的故事里，避开一些俗套的部分，去做其他的表达，直接干脆，让主题变得更加复杂且耐回味，这回依旧很兽性，很日本年轻人，剧作层面上非常有自己的表达了。
WHENWITH,Orisonku,https://www.douban.com/people/WHENWITH/,从宫本到你,力荐,003/ 力量，好的或者坏的。两种「你是我的」，一是人被物化后权力结构的施压，二是难解难分的恋人话语，皆与性别无关，却在男权视角下的世界里被纠缠到一起。宫本的复仇无论基于具象的情感生发或是抽象的社会性反抗，都是以最底层的暴力逻辑完成的对暴力的一次反噬。最好的一镜是两人相拥怒吼时宫本的勃起，揭穿人性与动物性的本质矛盾。所以最终武斗的胜利是「人」的落败么？最后的表白是否是权力结构在恋人关系中的侵略？或许是我们都要面对的问题，从宫本到你。
lameshang,大漁,https://www.douban.com/people/lameshang/,从宫本到你,,可怕的是他们之间并无爱情
148470901,tls,https://www.douban.com/people/148470901/,从宫本到你,很差,这部电影让我觉得日本男人都是未经开化的野人吗。
copenlee,暹罗copen,https://www.douban.com/people/copenlee/,从宫本到你,力荐,这很可能是近年来最浪漫的电影。门牙崩掉两粒，手指折断三根，满脸血污鼻青脸肿，一边流泪一边傻笑着求婚的宫本，依然是个窝囊废，却也无比迷人。
zlqysct,张晚禾,https://www.douban.com/people/zlqysct/,从宫本到你,还行,让影像成为情绪的堆砌，我不觉得有多好，情绪盖过了角色和表演，盖过了一切的叙事，情绪应该是和角色表演保持跟随的步调，这里的电影情绪已经断离了，让观感非常不舒服
98521133,Pdrfc,https://www.douban.com/people/98521133/,从宫本到你,较差,吵死
cwyjsw,大密度蓝,https://www.douban.com/people/cwyjsw/,从宫本到你,力荐,楼梯上激烈到令人发笑的肉搏戏接着冲到靖子面前献上血的复仇祭品吼出最他妈纯爱宣言，我已经拍着大腿嗷嗷叫了，没想到还能走在马路中央一个激灵被召唤回临盆现场。宫本浩，集兽性神性的生命本命；池松壮亮，日本映画有你了不起。真利子哲也也拍出了自己的绿头苍蝇。
183816493,蝠蝠,https://www.douban.com/people/183816493/,从宫本到你,力荐,被分到人生败者组的我们，一会儿哭，一会儿笑，拥有活着的权利，却没有反抗的勇气，或许你会认为自己比宫本要聪明，但这样的你也早就屈服于世界的脚下了，抗争吧！尚且还活着的你。
snowblink14,季恩熙,https://www.douban.com/people/snowblink14/,从宫本到你,推荐,第一次两个人笨拙得做爱，因为做爱“只顾自己爽”于是害得小金鱼死掉了，在为被埋掉的小金鱼感伤祈祷时，他却笑着说：“好幸福啊！”这幸与不幸之间的平衡，真好。你为她做的事和她有什么关系吗？既不能治愈她的创伤，也不会得到她的赞扬。她否定你所有的男性逻辑，但看到你拼了命的努力为她活着，你们又都有了一些希望。这么厉害的你要让她变得幸福啊！
riverbed,RS,https://www.douban.com/people/riverbed/,从宫本到你,,他跟洪尚秀有共通之处，褒扬男性某一特定方面的无知。在这里，无知被作为武器：越是与社会保持距离，越有从中脱逃的胜算。但不懂的是，完全放弃人类社会规则，却还要勉强自己在其中活下去，还要获得幸福。
IvanLaw7,猫奴十二年,https://www.douban.com/people/IvanLaw7/,从宫本到你,推荐,3.5 打动我的不是社会森林中两株野草的爱情，而是在巨大生存压力下社畜的奋斗和爆发，但这种爆发是建立在把靖子的爱情视为生存必需品的前提之上，生命中的其它时刻都被有意识地省略掉了。所以这样的并不现实主义的爆发尽管激动人心，却无法深入人心，况且，真正有力量的爱情不是靠嘶声力竭吼出来的
randidianying,冉笛,https://www.douban.com/people/randidianying/,从宫本到你,还行,因体格弱势造成的钢铁直男悲情，演员表演堪称壮烈。传统男性气质（规范）要求男性为了女人/家庭/事业做出牺牲，这大概也是日韩男性自杀率位居世界首位的根源吧（全世界男性自杀率普遍是女性的3倍，日韩尤甚）。当然，导演的主旨不是想表达男性文化的悲剧。
Nokia95,冰红深蓝,https://www.douban.com/people/Nokia95/,从宫本到你,推荐,真利子哲也新作。比及前作[错乱的一代]中的纯粹暴力与法外世界，本片更深扎于社会空间之中，通过“既有种又无种”的决绝恶斗、以根出于大男子主义又嘲讽大男子主义的方式冲破日本男权传统。影片在写实刻画与中二喜剧之间来回游走，又能时刻抓住观者的情绪，的确高明。节奏张驰轮替，爆发时凶狠无比（一如几次拼尽全力的奔跑和高潮的楼道决战戏），隐伏时则沉稳平实。对掉落牙齿的反复强调及对激动自陈时口中乱喷的饭粒的直白展现令人印象深刻，导演始终着眼于发掘身体性。（8.5/10）
huanniaobu,おむつ,https://www.douban.com/people/huanniaobu/,从宫本到你,力荐,熱い漢たちの集まる熱い映画。人間くさい、偽りないんだけれど。やかましい、暑苦しいとも言う。窒息させるくらいの逞しさ、圧巻の一言。「令和」を感じさせない。昭和でもない。時代を越えてしまう人間の本質を突き詰めるすごい作品。絶対に期待を裏切らない池松に惚れ直した。
VinKhan,斯齊佐飛力尼克,https://www.douban.com/people/VinKhan/,从宫本到你,力荐,男版hard candy。日本人在挖掘人物特质的能力太强了。
180730109,好风,https://www.douban.com/people/180730109/,从宫本到你,力荐,"87/100
急忙救起金鱼，来日却安排一场葬礼，急迫声嘶力竭，帘外却响起一阵呼噜，身体作为弱者的武器，阳具便当无形的压迫，兽性和母性逐步激发，清澈与戾气交错进行，愤怒咽不下那口饭，绝望捋不直那句话，复仇是为爱反击还是为自尊买单，结婚是为情厮守还是为懦弱减负。磨炼自我的结果，还是没靠拳头取胜，即使社会残酷法则下世界都是我的敌人，也要好好地“赢”这一生"
lastip,parachute,https://www.douban.com/people/lastip/,从宫本到你,还行,#hkaff2019# 天，从男女主角到主题曲主唱都是输出全靠吼级别的。没看过电视剧版，但真实被吓到了。真真的3级R15，重口味到搞笑了的那种！？
luzhiyu,陆支羽,https://www.douban.com/people/luzhiyu/,从宫本到你,推荐,4.0。
xulewyw,许乐,https://www.douban.com/people/xulewyw/,从宫本到你,推荐,人生苦短，该drama时就drama吧 3.5
luoying6,本来老六,https://www.douban.com/people/luoying6/,从宫本到你,推荐,比软绵绵的寄生虫好多了
gnlnmh,Mr. Fahrenheit,https://www.douban.com/people/gnlnmh/,从宫本到你,,入場前以為是山田洋次feel的家庭小品，怎麼劇情走向會變成這樣…？我到底看了甚麼？真不懂得評…但這是一部值得入場觀看的電影，我亦建議入場前不要看預告或簡介。
58244021,ChrisKirk,https://www.douban.com/people/58244021/,从宫本到你,力荐,一次「寻伤」，从失去前牙开始，就寻找着宫本「失去」手臂的战斗，过程中，「过去」遵循时间逻辑，「现在」则向后流动，宫本和拓马变成蛮荒时代的狩猎者，狭窄的楼道成为格斗圈地，被扭曲的男性征服欲成为不可言说的默契，父辈敬三被视为祭品。当镜头从满脸血迹的宫本猛地转向都市，两条时间线终于交汇并催化出化学效应，此时宫本已然明白，他是要与全世界为敌的，因此即使暴露在小雪飘落的街道，他也不愿撑开那把宛若武士刀的伞，而他向靖子奔跑而去的动作，又被摄影机粗暴分解成无数停顿的瞬间，构成现代寓言般「猎人的冬天」系列画作；女性身份也在此时得到转变，靖子拒绝宫本战利品邀功时，她便从被男性争夺和证明的工具变身成女战士，她的身上散发出兼具古典神话和都市传说的光芒，虽然过程需要排斥他者，不过倒也可将其视为导演拒绝窥视的尊重。
byebyebadman,烧炭小五郎,https://www.douban.com/people/byebyebadman/,从宫本到你,力荐,漫改 走向清奇 是我喜欢的类型 爱了 (其实是因为看到了优酱的菊花
189369033,jojolyn,https://www.douban.com/people/189369033/,从宫本到你,推荐,"优酱演技还是那样的无可挑剔！
"
88729499,ciler,https://www.douban.com/people/88729499/,从宫本到你,还行,6.5/10 太吵了看完耳朵好累…
7542909,翻滚吧！蛋堡,https://www.douban.com/people/7542909/,从宫本到你,还行,极致的痛感对我来说有点难消化，演员都太拼了
liberalist_ma,飛了,https://www.douban.com/people/liberalist_ma/,从宫本到你,还行,要通過這樣的劇情才能激發男人的奮鬥與激情，不知道是日本男性社會的一次重新審視還是想藉電影自我陶醉一次呢。
luxifaer,路西法尔,https://www.douban.com/people/luxifaer/,从宫本到你,还行,如果宫本用刀将拓马刺死……等等，那就是李沧东的《燃烧》嘛……问题就在于单薄的宫本坚持用拳头复仇：处于下风的男性故意将自己置于规则中更加不利的地位，通过打倒强势一方的方式向规则本身表示臣服，这样的“胜利”实属侥幸，更不要说还有被忽视的女性意愿的问题……
gegemoon,gegemoon,https://www.douban.com/people/gegemoon/,从宫本到你,较差,令人WTF的一个电影（别跟我说一定要看剧这种话，一部电影就是一部独立的作品）
63046201,大熊星座,https://www.douban.com/people/63046201/,从宫本到你,还行,纯粹是男性的自我感动，而且表达方式太闹腾了
xmengyao,绿箜,https://www.douban.com/people/xmengyao/,从宫本到你,还行,我不行，不适感太强烈了。
44923935,SaoirSe,https://www.douban.com/people/44923935/,从宫本到你,推荐,原作漫画九十年代的男女观，最后佐内正史的スチール写真，池松壮亮やり過ぎ的演技。with絵鳩・英井在調布シネマ
jinwudu,津五渡,https://www.douban.com/people/jinwudu/,从宫本到你,推荐,情绪真到位，对命运对生活的歇斯底里大声呼喊，看得人心疼。感受到特别强烈的生命里的喜悦、绝望、愤怒等等。喜欢那种撅腚不服的劲儿。感觉松池壮亮是日本李康生。
seancheung,sean cheung,https://www.douban.com/people/seancheung/,从宫本到你,推荐,真利子哲也持續更新新世代的日本社會群像和價值觀，為他們新的思維方式描繪出更加生動的臉孔和身體。儘管同樣是苦中作樂，顯然比很多所謂「呈現」苦難的電影要真切。電影描述的既是個別，也是整體，它兼具微縮與龐大的群體面孔。是抽象的人生觀，也是具體的卑微生活。而卑微的人生，最令人心酸也常最可能發生的，不就是慘勝嗎？
140466116,一,https://www.douban.com/people/140466116/,从宫本到你,还行,脑壳疼，太用力了，无论是宫本或是池松，如果需要这么用力才能活得这么勉强，其实一点也不激励……A叔是惊喜
imecstasy,唐小万,https://www.douban.com/people/imecstasy/,从宫本到你,还行,可笑的莫名其妙的尊严，幼稚的无谓的战斗，全是自我感动罢了，爱呢，不存在的。在球场边打架的那场戏，想到KST说“女人的疼痛是与生俱来的，男人没有所以只能去找，没有仗打他们就玩橄榄球”。
chrisocean,海樹,https://www.douban.com/people/chrisocean/,从宫本到你,力荐,"完全不喜欢宫本，男性自尊极端主义者，做事动力是靠自尊，成事也是靠出卖自尊，最后赢别人也是靠攻击自尊（命根），而且这绝不是热血电影吧？苍井优担架上那声带笑的叹息实足巧妙啊：这笨蛋啥都不懂，只知道大喊大叫，结了婚育儿书肯定也一字未看，但能依靠的却只能是他了…这就叫剧作的复杂/丰满吧…
池松壮亮遇到这个角色真是太幸运了，演宫本老爸的新井英树作为原著能看到儿子走到今天这一步也应该是心满意足。这样的一根筋到暴力的角色我总觉得20年前的中国影视里是能写的，但现在谁就算敢写怕也是没人敢拍了吧。感觉现在的日本电影界搞不好就像80、90年代的中国电影界一样。某日本导演说什么日本新导演不像中国新导演这样那样/经常出去看看，我觉得出去看看又有什么好看的呢？像日本这样拍电影的可只有日本啊"
148166700,Bolero,https://www.douban.com/people/148166700/,从宫本到你,力荐,体感电影的终端是痛感电影，本片彻底排斥解读，按它原封不动的样子去接收它吧，然后恨它、爱它、舔它都无所谓。
yalindongdong,方枪枪,https://www.douban.com/people/yalindongdong/,从宫本到你,推荐,如何将社畜逼成野兽
T.V.Zoe,T.V.Zoe ி,https://www.douban.com/people/T.V.Zoe/,从宫本到你,力荐,看得我目瞪口呆 竟然是这个路线 总觉得很久没有看过这么与众不同的日本电影了 吵得要死撕心裂肺 但又是极致的单纯原始  热血和感动直冲脑门  两位都发挥了自己的能量 每个角色都很清晰 最近苍井尺度很开 但这部开得最合情合理 真是开心  不愧是年度最佳（可是这部ARATA真的好亮眼 谁不爱这种渣男
15401327,Sabrina,https://www.douban.com/people/15401327/,从宫本到你,力荐,日本强奸报案率，或者说受害者报警的概率是真的低吧！私下解决的，池松壮亮这个算作干的漂亮！
prost,prost,https://www.douban.com/people/prost/,从宫本到你,力荐,剧版是宫本的不易职场，影版是宫本的不易日常。谁都看得出最辛苦的是靖子，不过这本来就是部男性自我成长电影——社会新鲜人用力十足的蠢钝的青春呓语。每一个演员都到位，大大加分。
54814792,Sherlock,https://www.douban.com/people/54814792/,从宫本到你,很差,"44m. How many of you girls would want to fuck a guy like Miyamoto? To be specific, to suck his dick? Men are truly a low being, right? So pathetic."
64544029,儒雅随和缺德梅,https://www.douban.com/people/64544029/,从宫本到你,力荐,8.6 和剧完全不同，无形社会关系与规则的逼迫变成纯粹肉体的碾压，只要有一瞬间将自己代入进宫本这个角色，观看电影就已经成为了一种羞辱，现在事关我们男性丑陋的本能，不再害怕低廉的挑逗和肤浅的诱导，把身心完全敞开交给电影，至少在看电影的两个小时内，让我们回归邪恶与残酷，随着池松壮亮挥动拳头。
71345273,北边哑巴,https://www.douban.com/people/71345273/,从宫本到你,很差,找个电影打发无聊的下午 没想到让这个下午更无聊了
crazytan,以地之名,https://www.douban.com/people/crazytan/,从宫本到你,推荐,很久没有看过把暴力描绘得这么真实的电影了。。两场暴力戏拍出了拳拳到肉的感觉，看得人心惊肉跳。其实从社会层面看两个主角都是被损害的受害者：女主在感情和身体上被男性凌辱，男主则是金钱和力量上的双重弱者，只能拼命地想在女主面前证明自己。
lingyun93,igrɛkonze,https://www.douban.com/people/lingyun93/,从宫本到你,推荐,3.5 end roller挺可爱又好看再加0.5 日漫改编 日漫式夸张表演毫无违和感 负能量鸡汤很好喝 难免联系HK 明知不可能战胜的战斗也不投降 明知生活尽是黑暗也能头破血流说出“我不在乎你恨我 我就豪气一点 一次过爱你和孩子 因为我的生命一片光明”来照亮爱人 愿意交换自己的生命去爱爱人的孩子 大战和表白让人感动 电影叙事一直打乱时间顺序却并不失控 很棒了
44733365,Khef,https://www.douban.com/people/44733365/,从宫本到你,较差,2.5
54621732,我呼吸的空气,https://www.douban.com/people/54621732/,从宫本到你,推荐,戏剧张力。演员演技好棒。真是又虐又畅快。
jinpiankong,调反唱唱,https://www.douban.com/people/jinpiankong/,从宫本到你,推荐,我也要找这样的男人！好用力的男版百元之恋……
69290051,Paco,https://www.douban.com/people/69290051/,从宫本到你,还行,来得合适，辨明“电影是身体感受”。赞美里面，比较相信起于生活的，不太相信起于电影认知的。喜欢前半部。
164398696,ArtExplorer,https://www.douban.com/people/164398696/,从宫本到你,力荐,2019－2020最佳，苍井优是真正的女演员
163129779,小骡号DD吹,https://www.douban.com/people/163129779/,从宫本到你,力荐,对着池松和优酱飙泪 导演好会叙事 好久没有看到如此情绪化的日影了 那句「褒められたい」可以列入年度前三scene
58059498,帕拉,https://www.douban.com/people/58059498/,从宫本到你,还行,看的过程不断当心演员的嗓子哑掉...
52143519,大波罗霸,https://www.douban.com/people/52143519/,从宫本到你,推荐,三星半吧。如此日式的表演实在不太能欣赏，不过后来一点点地进入了这种情绪后反而被拉进了这个氛围，池松壮亮拍完这个肯定累死了吧
ydyie,时间之葬,https://www.douban.com/people/ydyie/,从宫本到你,还行,这.....不就是霓虹特色中二景涛咆哮体吗？有那么一两个场合的情绪还算得体（被强奸后的苍井优和复仇肉搏时的池松壮亮），其他部分都是过度的蛮干宣泄。苍井优这些年似乎总爱演这类心理与经历复杂的角色，还总是要加一两场尺度不小的激情戏，但效果真的不敢恭维
qiaotaizi,zitsunari,https://www.douban.com/people/qiaotaizi/,从宫本到你,还行,前半的好感在后半的漫改感里渐渐败落，只想说行了行了是爱人也是仇人我知道了，可怜人也必可恨我get了，可以停止癫狂嘶吼了
143560472,给艾德林的诗,https://www.douban.com/people/143560472/,从宫本到你,较差,技术层面无甚可观，即便线性上突然来个插叙，也只是让序幕以来的情绪，在突兀的转折后延宕地有铺垫从而稍显合理，过夸张的所谓“动物性”表演更多是制造离间大过共情，叙事上这兼有的两者一步步落实到表意就两层，一层显然是霓虹说到底还是个没有 ご主人様 的尊严就难以为继的光景，这层反讽偏贬，另一层是以为他人着想向自己转变的羁绊转向，这层反讽也不好说褒，意外的是有些情感落到未来（孩子），流露出点两性平衡的社会化意味，但看起来也颇属意外之意。
renjiananhuo,邓安庆,https://www.douban.com/people/renjiananhuo/,从宫本到你,推荐,卑微、弱小、无能，别人看宫本是如此，宫本看自己也是如此。别人都说他不行，他做各种事情去证明，结果还是不行。所以他要攒着劲儿，要找到一个机会去证明自己是行的。到电影后半段，他受虐到快要死，凭着那股劲儿终于掰到了大魔王，变成了施虐者。那种压抑多年后终于爆发出来的狂喜，让我很受触动，但也觉得悲哀。我觉得在一个正常的世界中，人是不需要证明自己是行的。他可以做一个善良、懦弱的好人，不必受嘲笑和打压，也不必激发出如此荒蛮的力量。
103692782,橙棵檠,https://www.douban.com/people/103692782/,从宫本到你,推荐,排片超少，居然在电影院刷完了，15禁不为过，有点刺激。有些迷惑剧情在场的日本小哥都笑出声了。池松和苍井优演技太强！
asano,jj73浅之,https://www.douban.com/people/asano/,从宫本到你,力荐,曝光一个，每次都把演员压榨到极限、专业制造不舒适的，真利子哲也，这样来讲爱之切与生之欲。仍然延续的“错乱”主题，恶意总发生在一念之间，本质上都是“无差别”的。每一个人物都是一个符号，但却不脸谱，壮壮被虐得不成人形快失声了。“屌爆”一幕与《海角上的兄妹》糊屎并驾齐驱，两部2019年度日影。算不算重新定义了日剧sp///0406二刷理顺了很多情绪，发现最后打赢时戴的领带是前面神保送宫本的“必胜”领带。女人愤怒时切开相当难切的生南瓜、男人举着电饭锅疯狂吃白米饭，太会抓点了。相守的誓言要经历过切肤之痛才真的开始可信，直到要分娩了，靖子也始终没有改口，只叫宫本这个姓，这个反常识的细节，值得咀嚼。以及，所谓“解构男性”未必能解释导演用心，也许“武士道精神”才可以
tacallebasI,去精神病院走走,https://www.douban.com/people/tacallebasI/,从宫本到你,较差,非常的男权，男权到靖子不能堕胎，直到最后雪天里撑着伞去接还了钱的宫本还在说对不起给你添麻烦了。宫本是一个彻头彻尾的极端自私主义者，乍看上去他所作的一切都是在牺牲自己去成全，然而细看你会发现，周围的人全都是他利己主义的牺牲品，他用咆哮和愤怒伪装的努力与体谅来粉饰这种病态的自私，造作至极也令人生厌，却又成了靖子命运的唯一选择，无力亦可悲。观影过程如坐针毡，简直是男权的自我陶醉。
91041476,西卡里奥,https://www.douban.com/people/91041476/,从宫本到你,力荐,开场的定调就已经背离了所有你想象的美好。所有日式夸张的表演情结在这里终于有了现实出口，信念的坚定与无所适从在行为的表现上就会歇斯底里。甚至腹黑一点说，导演相比某种性别、社会议题更关注的就是极端情形下极端的肢体反映，所有的可笑动作都有了合理正当的注脚，他制造情境诱导演员朝着不可控发展，这中的同时观众也被这样作用，与前作一样同是力量向现实的作用传导，此刻我身体里满是气力。
1226548,李果汁,https://www.douban.com/people/1226548/,从宫本到你,推荐,好久没有那么想看一部电影了。前面有多处让我感觉电影之美的地方，转场、反转特别棒，这是其他艺术形式所无法替代的。这部电影好在并不能简单的称之为热血、中二，其中有复杂的东西在里面，我喜欢第一场宫本、靖子室内戏里的微妙，以及第三者闯入之后，激发的戏剧意味，很冰山法则。微微有点失望的是，宫本与世界为敌陷于电影的篇幅有点牵强，最后在家生孩子，宫本向靖子和医生嘶吼表达强烈意志的片段有点流于自己的俗套。
pinkvelvet,pinkvelvet,https://www.douban.com/people/pinkvelvet/,从宫本到你,较差,终于把日本原始人看完了
65569388,大海里的针,https://www.douban.com/people/65569388/,从宫本到你,还行,实在不喜欢这种憋屈、感性的片子。
matchbox,matchbox,https://www.douban.com/people/matchbox/,从宫本到你,还行,蛋扯得好呀蛋扯得妙。感觉女友被rape只是男主走向暴力的导火索，于是问题在于前因毫无铺垫。事件发生后两人互吼互掐分手又在一起的过程让人全程冷漠脸。池松壮亮是个好演员，苍井优酱还差一点。
ravinenoravine,小溪笑嘻嘻,https://www.douban.com/people/ravinenoravine/,从宫本到你,推荐,男版《百元之恋》。怎么做到每场戏都那么好看的？！嘶吼式的表演竟然并不违和相反增强了整部戏想宣泄的质感…尤其用在办公室求婚戏时真是又好笑又爽～糟糕的人生还是可以继续下去的吧，加油啊！
190236550,洞口有寿喜烧,https://www.douban.com/people/190236550/,从宫本到你,还行,边看边吃我的热狗，越吃越不舒服，R15严重不适，arata出场共12分钟（好多呢
nieblalan,山上风下,https://www.douban.com/people/nieblalan/,从宫本到你,力荐,人生第一部看到双手发麻的电影。一切都和生有关，是那种生生撕咬掉一块生肉的生命力。
ggguai,犯怵中的嫌疑喵,https://www.douban.com/people/ggguai/,从宫本到你,,优酱不露点教学片233真·扯蛋
karinchein,小弟有只猫,https://www.douban.com/people/karinchein/,从宫本到你,推荐,真利子哲也式喜劇真是看到又尷尬又氣又好笑，池松壯亮在裡面像年輕時候的李康生；日本暴走小康證明愛的方式簡直小學生到笑出眼淚；出乎意料的大尺度，幾近顏藝的誇張表演，倒也沒有很違和啦。
141363160,7.1oz,https://www.douban.com/people/141363160/,从宫本到你,力荐,此刻停电，窗外狂风大作。宫本不知为了什么的复仇，尊严，女人，爱？或是本身掺杂着对社会天平高处的施暴方与生俱来的愤怒，平静的表皮下暗流涌动，生活根本没什么安稳之说吧，睡着或是醒着的时候辛苦构建的一切都在崩塌，你的一生悬命在别人眼里不值一提，暴力是所有待解决问题的最佳方案，无所谓什么，撕碎他们吧。《错乱的一代》里不安因子用暴力对抗无序的社会，这里他用暴力将自己和身边的人拉出绝境，决斗时我也在心中默念无数次“去死吧去死吧”，在整体狂暴的氛围中散布戏谑，最后归于平静反倒像是假象，这样也没什么不好的，做个任性的人，人本身就是人性的，就把所有人都当成敌人吧，男子汉大丈夫，有千把个敌人又有什么的。池松壮亮脱若之年，交出了最好的答卷。
46887739,+2,https://www.douban.com/people/46887739/,从宫本到你,推荐,虽然靖子和宫本原本的感情是日式的清新而且被祝福，但关系的开始就暴露着男弱女强的非传统性别“问题”，直到强奸这一幕把这个赤裸裸地摆上台面。男的释放兽性，以全世界为敌，用近乎疯狂的偏执，用暴力用拳头去解决那个自尊受损的对象。女的自我觉醒，用对这个世界的愤怒，找一个可以存在于这个世上的位置。所以，他们其实互为敌人。但是当浩带着罪人，面对靖子大喊大叫的时候，他们最终还是理解了对方，达到了谅解。因为，终究不过是脆弱又咽不下一口气的人而已。活着的人都是坚强的。为什么要表演得那么用力啊？因为，面对这个世界我们很无力啊。
121933130,郝小勺,https://www.douban.com/people/121933130/,从宫本到你,推荐,怒髮衝冠的一場發洩，聲嘶力竭打通耳蝸，淚水最感動人。如果能與愛的人廝守，打落牙也要噴血沫出口，雖然幸福來的充滿血腥味，可信念付出誠不欺人，終究還是溫暖的。
myrollingstar,你的地缚灵,https://www.douban.com/people/myrollingstar/,从宫本到你,还行,道理我懂，但是好不舒服
3403686,超cute侠,https://www.douban.com/people/3403686/,从宫本到你,力荐,宫本浩从职场菜鸟到婚姻新手，一路下来仿佛在修罗场里升级打怪，胜负欲作为原始驱动力激发出了人类的兽性，即便实力悬殊也要放手一搏，所以看到宫本和拓马的走廊大战会觉得是在看两头兽在撕咬，疼痛感透过屏幕都能感受得到，而这也是真利子哲也继《错乱的一代》后又一次对暴力的赤裸展示，俨然形成了自己的风格，就是那种不遗余力的人性独白，要喊到声嘶力竭才会罢手，演员们的表演也没辜负这部电力满格的作品。
ruilixiurui,锐利修蕊,https://www.douban.com/people/ruilixiurui/,从宫本到你,力荐,“都是为了自己爽，让你死掉了”一句台词三吃！复写纸效应重叠成歇斯底里的宫本精神！被一个平行蒙太奇和揉碎的纸团骗到了！赤裸的动物本能转嫁或者说激发，是性和暴力的热血沸腾。从那次暗夜街边自行车侥幸偷走的快感，到最后移步救护车上“曾有一人爱我如生命”的狗血动情，真利子哲也居然拍出了不同于剧版，完全低成本的浪漫派！那次输便也是赢了！对于爱情我从不信那些真善美的和平，而信极了这样屎尿屁血流鼻涕喷出的脏乱人生！就算与全世界为敌！这才是活着的希望啊！
69807491,醉梦·聊生,https://www.douban.com/people/69807491/,从宫本到你,推荐,本片算是池松壮亮咆哮式表演的伟大胜利，与苏打不相上下，台译的男人真命苦一语道破，这个家伙热血上涌，怒火冲天，口涎与鲜血横飞，他与苍井优互呛，他成功袭击了壮他一倍的混蛋的下体，不要命构成丧的反命题，努力不服输的人，值得收获幸福。
171463035,我乐苦多,https://www.douban.com/people/171463035/,从宫本到你,力荐,如果你在街上看见一位倒立的男人，请麻烦送他一句话“不要和别人拼拳，尝试切他下路”
juwujian,居无间,https://www.douban.com/people/juwujian/,从宫本到你,力荐,两个男人的决斗戏拍得真是绝了，惊心动魄，深深地抓到了我的神经，刷新了我的观影体验。从来没想过，竟会逐帧来看一场动作戏。真利子哲也的影像有一种不加修饰的、最原生的魔力，它将男人的兽性从身体里一点点剥离出来，继而撕裂、绽放。这个世界是如此虚无，想要拥有存在的感觉，就必须与全世界、与所有人为敌。那个人当然是仇人，甚至是爱人。爱与恨淤积在心中，最终只与己相关。而唯有胜利了，才能从对手手中夺回卑微的荣光。印象最深刻的是，宫斗的关键一击，靠的是被人打出的苦水。
windbo,云中,https://www.douban.com/people/windbo/,从宫本到你,力荐,导演太会拍了。西方电影节不靠谱就在这里：这片值一个金棕榈。
zhulinzhao,朱林昭,https://www.douban.com/people/zhulinzhao/,从宫本到你,很差,日本人精奇脑回路一则 刻意混乱的叙事闪回拯救不了狗屎般的文艺作品 让人反胃的演技（所有演员都在拼命释放情绪 可戏真不是这样演的）最讨厌女主这种类型的女人 导演三观有问题
Mitranslation,猫猫球,https://www.douban.com/people/Mitranslation/,从宫本到你,还行,太男性化了，自尊，父权，按自己的想法来。构架故事的基础是略显奇怪的大男子主义，女性因为没有被保护把气撒到男友身上，男人珍视自尊因而无法对他人说出苦衷。只是为了得到莫名其妙的尊严的战斗而已，为了打架而打架，为了动物性而动物性，可能这就是社畜要上班还要结婚的压力发泄口吧。叫嚷着“你不跟我在一起怎么行啊”的男人真是让我一脸黑线呢。
infero,HurryShit,https://www.douban.com/people/infero/,从宫本到你,推荐,3.5。很喜歡男女主角的性格塑造與角色詮釋、充滿能量的身體，以及整部電影與熱血套路（當然也有奔跑、顫抖吶喊浮誇台詞、洛基式大街特訓等過激動作，但又不那麼一樣）保持的自覺距離。從宮本到「你」，想告訴「你」的是什麼（照片收尾，歌曲）。根本不是「男人真命苦」啊，他哪裡命苦了？！閃回結構的必要性？最後一場戲，蒼井優的眼淚，總算承擔起的「保護者」角色（電影少數原創片段）。事實上無論電影或日劇，有很多驚人動作甚至分鏡構圖，都來自漫畫，並不能全歸功於真利子哲也。
154588192,北投少年他,https://www.douban.com/people/154588192/,从宫本到你,推荐,懦弱被愤怒和无力压到兽性爆发，被撕裂的不止是演员，还有观众，观看的过程不断感到溢出的焦虑和痛苦，最后几乎和主角同步抓狂，情绪在痛击中得到释放。暴雨中未能同框的正反打，到结尾飘雪的同框，将一次突破极限、血流不止的复仇安插在其间，形成一种别样的浪漫。
picnicskins,picnic,https://www.douban.com/people/picnicskins/,从宫本到你,还行,可能我暴走起来也和宫本差不多
ElephantBoy,室内滂沱,https://www.douban.com/people/ElephantBoy/,从宫本到你,推荐,池松壮亮，哪吒在此。两个这么普通的人，普通到大家根本没有必要花时间看他们的事，因为遇到这样的悲剧，就变成了一出戏的主人公，戏剧想想是很残酷的，它的功能就是把人物弄得不幸。用人物造型区别，把两个时空放到一起对讲，那场“决定性斗殴”是发生在过去时中的未来、现在时中的过去，倒叙、闪回、人物前史推动叙事，整个故事阶段就是人物孕期，也是典型的处境戏。还是很像常见的日本家庭剧，明明真相张口就能说出来，这个窗户纸就是不捅破，急死观众，很多自白必须要在病床上才能讲（但也为时已晚），对与错之间总是有血亲伦理。嘲讽了以社团文化为根基的日本企业组织形式，同时也是菊与刀文化，相敬如宾的日本人一翻脸了就会变成完全不同的面孔。血的洗礼似乎成为对新生儿的祝福，决斗是一件必须要完成的仪式，像是披着家庭伦理外衣的热血格斗漫。
31301735,路米內,https://www.douban.com/people/31301735/,从宫本到你,还行,不如《错乱的一代》吧，特别是嘴炮一出全破功了，这通话凡说出口就不可能显得不弱智。对，就是你手里捏住了那根唯一的jb的色情感，以及你被捏住后「cao，疼，怎么就动不了」的荒谬感。我对凭强力打破自己的壳（一次次）一飞冲天这种事是很悲观的，简直要庆幸这里的强奸只是身体强迫进入身体的暴力了啊！？如果是更零度一点的强奸呢？（甚至可以说，此处警察必须消隐。）一旦进入伦理层面（我都懒得提性别视角），中二是找不着北的呀。关于「你的孩子还是我的孩子」，正巧看完《兽爪》；关于所爱的女人被暴力侵害，《在你床下》很微妙噢。
sai27,D,https://www.douban.com/people/sai27/,从宫本到你,较差,呱噪系水土不服，希望优和壮下次都别再弄这种角色了。以及，强奸犯不是用来战胜的，应该立刻弄死，赢了强奸犯这种自我成立，娘炮。
fatia0,影熟人,https://www.douban.com/people/fatia0/,从宫本到你,推荐,OK，优酱，你用如此残酷的方式结束了我的青春。
wildwood,圆山中庸,https://www.douban.com/people/wildwood/,从宫本到你,很差,软弱、狡猾还是蠢？无论是哪个都令人作呕。
68825809,海哈哈,https://www.douban.com/people/68825809/,从宫本到你,力荐,"过于喧嚣的孤独。如果说电影是时代的情绪，「大赢家」和「从宫本到你」似乎是在试图触碰这一点，作为底层社畜的主角，为了反抗将所有的热血集中在所执之上，让人感觉到疼的同时，也激起了内心的波澜。故事波澜壮阔，演员歇斯底里，以至于你总是忽略人物掩饰的细腻情绪，他们的争执，他们的对抗，全都是细枝末节的情绪，而这也是日本人所在意和擅长的。大多数中国人活得太粗线条了，以至于看到细腻却看不到细腻背后的人和情绪，实为遗憾。我可以相信你吗？还是你也在说谎。"
bibibbbi,蓝白江原道,https://www.douban.com/people/bibibbbi/,从宫本到你,推荐,日本新一代创作者了不起，和滨口龙介走了两条路，滨口对非日常感的捕捉更多是利用电影技巧本身（构图、剪辑、具有召唤力的特写等），真利子则更多通过对于镜头注视物的纯粹展示（肢体、动作），但相比前者的“提纯”后者反倒用了“杂糅”，porn式的强 奸戏码、中二热血漫和传统日本传爱片均为杂糅因子，但它们和情绪上强烈的真实感碰撞在一起反而把传统的老套打得七零八落。人怎样回归兽？在男人身上是自尊的粉碎，在女人身上则是爱的粉碎。总共两条线，一条走向“非人”，一条则又复返为“人”，最后一场生产戏展示了一个人兽状态，或许真利子在此片更为成熟地展示了现代人在人和兽两个状态之间的持续游荡。
Jessieliuuu,leoleo,https://www.douban.com/people/Jessieliuuu/,从宫本到你,,观感非常的差。就是感觉事件和角色都非常虚假中二反智。完全看不出来导演对男主是什么态度，赞同还是讽刺。讲底层男女反抗父权社会？情节大转折都是由女主被怎样来推动。前半小时就是女主像虐狗视频一样被凌辱和剥削利用，非常恶心。然后所有内心活动和选择都围绕着男性，打着为了她的旗号挽回自尊。就我完全不能理解这种强奸怀孕的破梗为什么当代都市戏还有人用？？？这是一部相对贴近现实的作品吧？任何人被强奸至少应该纠结过报警这个选项吧？戏里完全不存在。在这个年代被强奸你至少要去吃紧急避孕药吧？就导演脑子里有这些常识吗？还有我要做(可能是强奸犯的孩子)爸爸，扛起责任这种无聊的自我感动。想到前两天转发的sloss脱口秀，没有任何一个女的会因为你揍了强奸犯所以答应跟你结婚的  只会觉得你是个弱智。井浦新又演猥琐男了
JoGreen,伊夏,https://www.douban.com/people/JoGreen/,从宫本到你,还行,说实话我已经忘掉看剧的感觉了，但电影绝对过火了。前面一个小时是精彩的，是有触到心底的，优酱的演技也是非常非常让人抓头发的，但真是不喜欢后半段，需要这样去撞击去飙血吗……可能是我不懂……
qiweiming750,Morning,https://www.douban.com/people/qiweiming750/,从宫本到你,还行,宫本跑到靖子的会社里请求结婚的一场戏，苍井优很明显的已经演不了了，她变成了干嚎，她先远离了愤怒，但她的角色实际上愤怒更多，这是文本一个我很介意的问题，打破了前半段的流畅，后半段实际上做的是引雷的工作，因为爆炸都是刺激的，所以在剧本叙事流畅上忽略了情绪流畅这件事，也越往后约需要一些更加中二的东西来调剂，将这个愤怒有效的蔓延下去，两位演员最优秀的地方其实都不是表演这个外在，他们很灵活，在流畅和真实上做出了上佳的反应，也让这一段爱情变得可信而不是做一个命题示例。以情绪来说，我最喜欢的还是前段，两人吃饭到裕二上门来闹事，两人在当下复杂的心理，然后睡觉到第二天埋葬金鱼，这一大场戏在愤怒中好像找到了一个线头的感觉，心里忍不住的想是否要扯它，“在幸福与不幸福之间的平衡，你找得很巧妙呢”。
165857045,Die Walküre,https://www.douban.com/people/165857045/,从宫本到你,,看不懂。一部强调痛感的电影，人物如此歇斯底里，行为疯狂而滑稽。大家的短评都吹得很厉害，但这个不能给我带来任何理解和共情。
jennyofmine,蓝詹,https://www.douban.com/people/jennyofmine/,从宫本到你,还行,将一切负面放大直至爆发，以行动来体验和消解，即便激进如雷火毁灭世界也要固执到底，这无疑是新世代的审美。一方面是生活值得、爱人值得、你值得，另一方面是要把生活作死、把爱人作死、把自己作死的毁灭欲。只有极端，没有中间地带，整个电影的旨意像一场漫长的日剧跑，只要在跑就可以。应不应该赞颂真的很难说。
84896098,Nana,https://www.douban.com/people/84896098/,从宫本到你,力荐,"4.5 愛情是戰爭, 人生是决斗。一部非常神奇的電影，真利子哲也應該和濱口龍介和三宅唱組個日本電影新希望三人組出道，沒有花俏燒錢的炫技，但每一個鏡頭都是閃耀著才華洋溢的光芒。幾乎濫用的超近特寫和演員們浮誇用力的表演如果換個導演估計會失控，但真利子最寶貴的優點在於觀眾能感受到他的真誠，因此再抓馬的劇情和奇葩台詞都會成立。handheld camera的攝影其實有點像歐迪亞，無時無刻緊貼着演員的身體和情緒。池松的宮本某程度上可以和我心遺忘的節奏的男主作對比。兩個主角都貢獻了足以掃獎的表演，尤其是優醬，真是個寶藏女演員。ps. arata演了個看似很渣但其實很有魅力的怪叔叔 #hkaff2019"
Oumuamua,在月球上荡秋千,https://www.douban.com/people/Oumuamua/,从宫本到你,较差,为什么一直在咆哮，乱七八糟
179259876,你要多吃饭,https://www.douban.com/people/179259876/,从宫本到你,力荐,"情绪过山车一样的体验。有好几次要按下暂停，喘口气稳稳神儿再看。握紧拳头，泪流满面，嘶嘶呼气喊痛的岂止是主演们啊。坐在画面外的观者血压一定也升高了好几回。从姨母笑切换成心绞痛，再从心绞痛切换成哈哈大笑，不也是秒速吗?所有声嘶力竭的咆哮，不是演员的擅自发挥，显然是导演的刻意追求。池松和优酱的表演有人说用力过猛。可是，看看池松不用力的时候吧。演焉是焉，演怂是怂，演憨是憨，演客气是客气，演规矩老实是规矩老实，尺寸可丁可卯，一点也不oversize啊。这就是好演员。从不缺斤短两。优酱也是。强奸戏那种撕心裂肺，看得心疼。去用力过猛的生活吧。纵有一千个敌人又怎么样呢？
"
hanqiu1995,灰色堡垒,https://www.douban.com/people/hanqiu1995/,从宫本到你,推荐,三星半，日式的咆哮夸张到一定程度的时候，人物形象就变得模糊。这部电影里的主角都呈现出一种精神上的发育不良，如果要解读的话，可以说里面的胖虎象征年轻人在社会中面对的难以抵抗的阻力，对此一直处于所有风暴中心的女主角无奈顺从（虽然她的内心较之其他人已经更加完整，但仍显得漫无目的，自尊心偏低，可能跟疏离的家庭关系有关），男主角则因突然要面对责任而迸发出了强大的呐喊：虽然不知该怎么做，往何处去，但他已经准备好竭尽全力去改变生活，哪怕过程再跌跌撞撞也无所谓。
159855991,不纯不纯,https://www.douban.com/people/159855991/,从宫本到你,力荐,“破坏”的行为是贯通且彻底的，一切常规都是被撕裂的。动物性被培养、被勾引，而所有“过程性”最终都被否定。因此找不到一处真实的联结，找不到任何仍遵循“线性”，无法用现世的眼光去看待、去信任任何事情。这种感受同样是跨越银幕的，无论是自反的意象或是被斩断的情绪。而一些东西在混乱中建立了秩序：一种包裹力，即使依然是无规律的，却可以浸入这种狂乱。我们被这种情绪，这种“真实”淹没到脚踝，却感觉已经窒息。从错乱到宫本，真利子哲也的搏斗并非影像中常规的“动作”，而是一种“行为”。
wukari,吴邪,https://www.douban.com/people/wukari/,从宫本到你,推荐,劲道太大 刻刻立在当下的能量喷发 穿插着些不合时宜的幽默 卡司很加分
kick-my-ass,高压电,https://www.douban.com/people/kick-my-ass/,从宫本到你,还行,太吵了
Castored,Castor ⊿ ⊿ ⊿,https://www.douban.com/people/Castored/,从宫本到你,推荐,宫本还是那个宫本。看似洗去日剧版时初入职场、浑浑噩噩的学生气，变成坚毅勇敢执著顽强的社会人。实际上他的本质并无改变，强迫自己大笑，强迫自己咆哮，虚伪逢迎他人期待，假意嵌入社会机器，却又矛盾地想要从这些己所不欲的俗事中达到自我认同。可能宫本最终会成为一个世俗意义上的好男人好丈夫好父亲，然而，我觉得他一辈子不能成为一个真物宫本。PS1: 当时看完日剧版，wiki找到剧透，只觉得惨归惨，但也绝不是什么绝无仅有的惨剧。实际看过日影，对那几场各种意义的动作戏，还是有些目瞪口呆。 PS2: 看着苍井优，莫名想到未来的奈绪是不是也会这样。
49867478,我爱罗宾,https://www.douban.com/people/49867478/,从宫本到你,还行,有些打架非赢不可，纵使分筋错骨鸡飞蛋打
colleen,Colleen,https://www.douban.com/people/colleen/,从宫本到你,力荐,吵死了//我才沒有被吶喊而感動//池松戲精就是不能被提名//佐內正史的片尾劇照集都是模糊的
140404503,英年早睡,https://www.douban.com/people/140404503/,从宫本到你,还行,整部戏充斥着愤怒与绝望的情绪，一直在交替。两位主演的演出实在太放飞了，也很豁出去，以至整部戏都充满大声的吵闹。调动情绪是做得挺好的，但这种不惜自毁去复仇的胜利又有什么意义？
bixiongzz,迷宝,https://www.douban.com/people/bixiongzz/,从宫本到你,力荐,一个男人要（通过爱情）达到怎样的完成度才能坦然地度过下半生，以及，一个真正平凡到常常无力的人要获得自己的存在感，要经历怎样的难…从这个角度上讲，拍得也真是很有情怀的～动作指导相当不错，另外池松壮亮跻身我心中的演技派名单啦(⁎⁍̴̛ᴗ⁍̴̛⁎)
Kafka663,一刀切,https://www.douban.com/people/Kafka663/,从宫本到你,推荐,人生路上需要拼杀
m19900714,暖,https://www.douban.com/people/m19900714/,从宫本到你,还行,特别drama，特别日式丧/鸡血/游戏/中二/疯狂感，一些微妙的点情绪还是把控得不错，若将过度看做人生本质，也算一种讽刺。
vrux,jellyfish,https://www.douban.com/people/vrux/,从宫本到你,推荐,2018年的《从宫本到你》是那一季度声量最小但是唯一值得看的电视剧，虽然拍的比较温吞，但把底层小职员的生活和心理都拍的丝丝入扣，那些心酸又幽默的台词，日常的扑街和苦痛，放在日本这一高度齿轮闭合的社会更显得意味深长。剧场版可以独立于剧版，抛弃了职场线索，虽然和《啊荒野》和《错乱的一代》一样充满了无来由的愤怒和野性，但放在一众精致的商业电影里，显得如此锋利和躁动。苍井优又一次演绎了一个被侮辱和被损害的美人，但是池松壮亮的演绎更更让人吃惊。
kiki204629,kiki204629,https://www.douban.com/people/kiki204629/,从宫本到你,推荐,苍井优的表演太有爆发力了！憋屈着苟活不如从容燃烧。
braxin2007,阿树,https://www.douban.com/people/braxin2007/,从宫本到你,较差,2.5。我的拳王男友。其實是喜劇。因為生殖犯下的罪，最後必須通過生殖器官的斷裂來償還，這個以牙還牙的觀念其實還挺老套的。從錯亂的一代到宮本，真利子哲也真的有所謂「新」電影的誕生嗎？刻意割裂的時間軸，就是為了挽救這平庸的情節劇劇本吧，這樣拍法的唯一優勢，只是在於挖掘演員潛在獸性的一面，蒼井優的表演反而更驚喜啊，尤其是宮本去公司告白求婚的一場。結尾滿臉血的勝利姿態求愛有點打動我，想要不被這世道打敗，唯一的方式就是成為野獸吧
linmumuevelyn,林木暮,https://www.douban.com/people/linmumuevelyn/,从宫本到你,力荐,片尾曲出来瞬间眼泪哗地流出来，观影过程中被剧情和人物所牵引的各种浓烈情绪融合在一起终于想起要释放出来。池松壮亮最高！真利子哲也稳的。
sofiamini,暴走君,https://www.douban.com/people/sofiamini/,从宫本到你,力荐,每一拳打在空气中的你
129494532,PortaBubbleJoe,https://www.douban.com/people/129494532/,从宫本到你,力荐,啊，宫本死都不想输的兽化不过是想趋近幸与不幸不可区分点的微末热望，一厢情愿地朝担架床上的靖子吼出“拿我的命去换吧”，狡猾得让人啼笑皆非，但靖子也是会为这种话流泪的。
LiquidSwords,Septembersong,https://www.douban.com/people/LiquidSwords/,从宫本到你,力荐,观众在影片开头就能猜到那个关键事件是什么，但一路充满了挑战和惊喜。
Pabalee,oh la la,https://www.douban.com/people/Pabalee/,从宫本到你,力荐,爱到疯狂才纯粹，日式爱情片要不唯美的纯爱要不就中二的疯狂。导演用特立独行拍摄将野兽式美学夹杂在动人爱情之中同时无限激发两位主演能力，池松壮亮和苍井优歇斯底里的狂暴表演真是太棒了，影帝影后演技水平
suh5213,Whysu,https://www.douban.com/people/suh5213/,从宫本到你,还行,太歇斯底里了一点。
ccva,老泰瑞,https://www.douban.com/people/ccva/,从宫本到你,还行,自卫型的爱情是靠不住的，一遭突变，彼此一切美好的纯真都变成了幼稚无能。结尾太理想化了，按照逻辑，依照男女主的人设，在事件后是无论如何不该继续在一起的。男主的行为可以理解为一次滴血的“心智升级”，女主呢？继续这么宽宏大量吗？只能理解为一对极为敏感的眷侣惺惺相惜吧。每次看到这类日影就一声叹息：日本的未来完了。因为令人喷血的内因不仅仅是男主的懦弱怂包，更是无人敢于禁忌的——现代日本社会等级森严到畸形的那套“三纲五常”。
90525586,𝘢𝘶𝘵𝘦𝘥𝘦,https://www.douban.com/people/90525586/,从宫本到你,较差,土鳖，空洞乏味，中二的大集合。我真的好讨厌演员电影。
bushuai1,荒淫少妇朴赞郁,https://www.douban.com/people/bushuai1/,从宫本到你,推荐,激励事件就av情节，人物全片像个笑话，前面笑到不行，当角色贯彻到底的为了女友，最后也笑不出来了，哎～这种傻帽不得不让人动容。
naratan,12,https://www.douban.com/people/naratan/,从宫本到你,力荐,“不要这么说”
qmpzt,云霄飞车手,https://www.douban.com/people/qmpzt/,从宫本到你,力荐,服了，导演暴力王，大岛渚级别
cyrus_wong,瓦力,https://www.douban.com/people/cyrus_wong/,从宫本到你,推荐,被生活碾压得体无完肤的懦弱者之兽性爆燃！后段决斗真卧槽牛逼！强情绪引领从愤怒，绝望，无力再到奋起反击，到最后真挺释放的。
melvins,melvins,https://www.douban.com/people/melvins/,从宫本到你,推荐,"我要与全世界为敌。
第二部长片依旧硬核朋克！"
HERE,feifeiRun,https://www.douban.com/people/HERE/,从宫本到你,还行,作为宫本君的你，与全世界为敌直至为妻女献出生命得到夸奖，其实是是面目狰狞，血液鼻涕眼泪横飞的，中二宣言。
CanaanYoung,迦南Canaan,https://www.douban.com/people/CanaanYoung/,从宫本到你,还行,哪里好都被友邻说完了，但是也没有好到如今大家都交口称赞的地步，也太over了，看完有感觉被小小骗到。
212977101,WhistleLin,https://www.douban.com/people/212977101/,从宫本到你,还行,7 / 宫本系列乍看之下是热血少年的调调，回顾观看过的有限的日剧日影，近乎疯狂的拼尽全力似乎是不存在的。不同于日漫的虚幻架构，影视总是落地于现实，往往我们看到的是屈从压迫的打工仔，已婚出轨族，叙事语言是压抑的敏感的。宫本是矛盾本身，他象征着矛盾的种种激化，也似乎开辟了一条全新的生存路径，同时将身边的人卷入疯狂漩涡之中。人性在他身上显得尤为突出，倒不是因为他比别人多了些爱与恨，疯狂与隐忍，而是他将压抑的内在与外在统统掏了出来。甚至任何人都可能在他身上找到属于自己的影子，从宫本，到每一个我们。
xingmahao123,retnuhreed,https://www.douban.com/people/xingmahao123/,从宫本到你,,爽片
49213881,华盛顿樱桃树,https://www.douban.com/people/49213881/,从宫本到你,推荐,两个没有感情的人，很难说哪一个更傻更蠢。两个人确定满身，以为能取暖，而只是自私自利的利用，以为能圆满。这段关系最好的结局就是让两个烂人各自腐烂。演员牺牲很大，但这种声嘶力竭的戏码真的令人头疼。
missixyujun,余小岛,https://www.douban.com/people/missixyujun/,从宫本到你,还行,野兽派美学，暴烈，残酷，痛恨你们这种情绪。。
sunriver,撒野,https://www.douban.com/people/sunriver/,从宫本到你,推荐,张牙舞爪的动物性。而为何女性不可以有。
92281548,Momotaro,https://www.douban.com/people/92281548/,从宫本到你,还行,3.5分 日本近些年这种类型的电影泛滥，体验有点疲劳，千篇一律的中二病弱男，永远为了所谓的尊严而绝地反击，哪有爱了。主要是太吵了，うるさい！
leon_howe,xlL,https://www.douban.com/people/leon_howe/,从宫本到你,很差,太傻了 漫改么？ 池松是好苗子 但是不能一直演傻逼啊 傻逼其实很好演 演个正常人来看看  （还就真的是漫改 （一颗星给池松
1402913,大聪看电影,https://www.douban.com/people/1402913/,从宫本到你,推荐,"很久没看到日本这么用力过猛过瘾的电影了，而且还是苍井优和池松壮亮组合！不知为何《从宫本到你》让我想到了多年前看的法国电影《新桥恋人》，一种近乎虐恋深入骨髓的痛感，绝境中释放出的兽性和本真，撕裂的嚎叫和赤裸的暴力。
伤得多重，爱就有多深。如此反传统的爱情故事，让人看得措不及防但又浴血喷张！"
58987636,李逵艾,https://www.douban.com/people/58987636/,从宫本到你,推荐,狗血又热烈，我觉得中二极了，却又忍不住为之感动。高空那场打斗戏看得人手冒冷汗，身临其境的痛感是这部电影最亮眼的地方。
simpledragon,十六。,https://www.douban.com/people/simpledragon/,从宫本到你,推荐,不知道是不是错觉，苍井优沾染了一些甩不掉的沦丧的气质，和角色无关的堕落感。宫本，就算被一拳ko牙齿掉光又怎么样，斗志昂扬地踢中世界的软蛋，鲜血淋漓地嘶吼着自以为是的幸福，这样也就足够了。活着的人都是坚强的。
june.q,豆瓣路人己,https://www.douban.com/people/june.q/,从宫本到你,推荐,把爱情那种互相吃准对方的疼痛无限外化，这种“吃”更是一种从我到你的过程，那必然会经历从甜到酸，到辣的无限复杂的过程，把我变成你，这本身就是放下所有自尊所有一切能言语情绪。#4.5
xiubei,L.L,https://www.douban.com/people/xiubei/,从宫本到你,还行,太用力了引起不适
xiaoyaowan,yao酱,https://www.douban.com/people/xiaoyaowan/,从宫本到你,力荐,我本来以为，你也是宫本一样的男人啊。
maybe-stella,飞鸟凉,https://www.douban.com/people/maybe-stella/,从宫本到你,力荐,想用剧里的那句台词说：“如果这样的人不成功（幸福），我就再也不相信这个世界了”
53550852,蒙奇D,https://www.douban.com/people/53550852/,从宫本到你,推荐,7分。其实这电影跟爱情没啥关系。男主和女主在一起可能一开始有一点喜欢吧，经过强奸和打架之后再在一起，男人是为了挽回应该属于自己的，女人是为了感激。生活把人们都逼成什么样了啊，哪怕那么卑微那么忍气吞声依然被生活蹂躏，依然不肯让人苟活。电影里的男主算幸运的，明知打不过的人，靠运气总算是战胜了对方。现实生活中的人更惨，挥舞着拳头你能打谁？只是希望被生活蹂躏时，能够轻一点罢了。
kate101,樱桃小阮子,https://www.douban.com/people/kate101/,从宫本到你,推荐,台湾译做《男人命真苦》，其实就是生活强奸了你的故事。寓言体电影，也是非常典型的日本电影，个性的视听语言和极致的个人表达。最为核心的强奸戏看着很不舒服，所以之后围绕着它进行的剧情都如鲠在喉，也不喜欢女人需要男人保护的视角。这种热血和中二能感受到，但不太能共情。池松壮亮男演员的魅力倒是喷薄的。
128265644,秀山鲤鱼,https://www.douban.com/people/128265644/,从宫本到你,推荐,7分，感觉纯爱加暴力的组合在日本流行起来了，小哥的演技点赞，苍井优有点用力过猛。
ayal,两只白袜,https://www.douban.com/people/ayal/,从宫本到你,推荐,《百元之恋》、《啊荒野》再到这部，这种又丧又弱到爆发泄怒疗愈的剧情+燃爆的摇滚配乐似乎已经形成一种新的日本电影风格了，好吧，暂且叫它们“丧励志电影”。
summermayfly,夏晚卿,https://www.douban.com/people/summermayfly/,从宫本到你,很差,从社畜到千斤顶。
ayi118,塞内减,https://www.douban.com/people/ayi118/,从宫本到你,推荐,苍井这些年来越来越常接一些外放的角色，并且能够从表演中看出舞台表演上极度用力的痕迹，有些作品里会觉得很过度，这一部里更是歇斯底里，但却意外地有些部分很贴切。宫本这样的人对靖子来说过于软弱了一些，和裕二对峙时颤抖着说“这个女人由我来守护”的样子，嘴里塞满米饭痛哭流涕地说“可我不记得他的样子了”的时候，作为观众我真的很想拍拍这个小伙子的肩膀说“不用这么勉强，你先长大再说吧”。故事很简单，又是复仇的故事，并且是一个小孩子复仇的故事。70%的时间我都会觉得宫本这个角色是不是过于幼稚了，但直到最后宫本一脸狼狈却骄傲地说“我想听靖子夸我”的时候，有一种很奇妙的感觉，真的是个小孩子，但宫本的单纯足以打动人了。
skeletongilr,は,https://www.douban.com/people/skeletongilr/,从宫本到你,推荐,太会演了太会演了太会演了
3547067,半弦月,https://www.douban.com/people/3547067/,从宫本到你,还行,一个曾处处逃避的男人，一个拼上性命的小小成长。靖子并没有得到她想要的爱恋，宫本的“入侵式”努力像是熨斗一样自发热，既无大力量、也非大爱，但如果你愿意变成衣物，它自会找到适合两人的熨烫方式，它会热一点、再热一点，这是一种什么样的感情呢。两人原本的契合方式是，一方装弱、一方逞强，靖子怀孕后意识到自己无法装弱，而宫本的决斗式逞强似乎让二人又回到了同一条线上，于是步入新生，当然，这是虚无的，但也是有用的
sickboy,sickboy,https://www.douban.com/people/sickboy/,从宫本到你,推荐,第56屆金馬影展
ananpsc,偏时差,https://www.douban.com/people/ananpsc/,从宫本到你,还行,与其说是爱，倒不如说是为了尊严而战。扯着嗓子大声嘶吼，把所有情绪无限放大，一场感动自己的向死而生的决斗，痛快活一场也挺好。 有一种半瘫痪老年人又羡慕又驚嚇的看著年轻人热血活力神经的观影心态。
ljwaero,咸鱼曳尾于涂,https://www.douban.com/people/ljwaero/,从宫本到你,推荐,那些中二度爆表的情节，现出一种诡异的幽默感……狂躁的表象下，似乎又处处是对现代人生活状态的深切表现
58203248,La~jum~bo,https://www.douban.com/people/58203248/,从宫本到你,较差,电视剧里初入职场的宫本是在各式各样的人中完成了成长，电影里却只要在“空荡荡”的城市里跟“符号化”的托马一个人搏斗，仅有的几个人物功能性太强了。大家各种角度提炼解读得很丰富，可看得我全程章子怡式害怕，年度观影不适。
lightreus,willamette,https://www.douban.com/people/lightreus/,从宫本到你,推荐,打架戏真惊掉下巴。。。（但几场歇斯底里的戏又有点想笑
4075446,承泽明,https://www.douban.com/people/4075446/,从宫本到你,推荐,1.每个男人的成长，必然要经历一场必须打赢的架！它是生存之战，是尊严之战，更关乎他能否成为一个有担当的丈夫与父亲。2.影片的情绪拿捏极好，一种残酷、悲壮、喜感又热血的神奇画风。3.男主演技封神，没想到咆哮居然可以成为一种表演风格，并完成角色的塑造与升华。结尾鲜血淋漓的告白，无疑是影片中最戳人的桥段。
rudygiraffe,SundanceKid🌈,https://www.douban.com/people/rudygiraffe/,从宫本到你,还行,厮守死守。要无望地救自己，不如无畏地放弃为人好了。池松壮亮的表演，处在很欣赏和皱眉头什么玩意之间
14914580,Celeste,https://www.douban.com/people/14914580/,从宫本到你,推荐,继《未闻鸟名》之后又一次看到目瞪口呆，池松壮亮演得真不错啊。看2016年的《跨越栅栏》时自己还在感慨小优表演尺度大，现在我已经接受她的神经病设定了。以及原来踢蛋辣-么痛，学到了
Kiddieyi,山人阿苍苍,https://www.douban.com/people/Kiddieyi/,从宫本到你,推荐,看前面的内心os都是：这什么歇斯底里的野兽派演法这什么神奇的男性尊严......没想到看到最后优酱的笑又泪崩了，爱有回音真好啊妈的。
97637940,虚杜,https://www.douban.com/people/97637940/,从宫本到你,推荐,哈哈哈 日本映画劝育宣传片～
nutshells,Nutshells,https://www.douban.com/people/nutshells/,从宫本到你,还行,三星半，不如当初看《错乱的一代》的震撼，由于友邻口碑炸裂迫不及待充满期待···剪辑有点怪，以为雨中那场戏会延续···一直期待故事的走向，最终宫本“打败”拓马真是狗血！不过如若打不过，那么只剩下绝望也就没结尾了···一些小细节很用心。
jitamovie,寄它,https://www.douban.com/people/jitamovie/,从宫本到你,,苦恼，暴躁，我喜欢这种气质。嘶吼，聒噪，我讨厌这种表演。
