uid,name,url
nadja,nadja,https://www.douban.com/people/nadja/
jally,è“,https://www.douban.com/people/jally/
nadja,nadja,https://www.douban.com/people/nadja/
161424447,é¸±è™º,https://www.douban.com/people/161424447/
214769924,å”æ³½é›ªç©—,https://www.douban.com/people/214769924/
163202406,æ²¹èœèŠ±,https://www.douban.com/people/163202406/
209325511,The Soulèˆè¹ˆ,https://www.douban.com/people/209325511/
197968253,parney,https://www.douban.com/people/197968253/
214856106,è±†å‹LQM,https://www.douban.com/people/214856106/
lovevipbigbang,JINNY,https://www.douban.com/people/lovevipbigbang/
164418866,ä¼Šå¡”,https://www.douban.com/people/164418866/
188300113,æ—æ·±æ—¶è§é¹¿,https://www.douban.com/people/188300113/
214846500,è±†è±†å‹å‹,https://www.douban.com/people/214846500/
207851583,é™ˆä¼Ÿ,https://www.douban.com/people/207851583/
150852987,æµ®ç”Ÿè‹¥æ¢¦,https://www.douban.com/people/150852987/
49433864,é­çŸ¥æ•°,https://www.douban.com/people/49433864/
121951879,è‚¥å•¾,https://www.douban.com/people/121951879/
163936527,å•¾å•¾,https://www.douban.com/people/163936527/
191433802,é’2-å¤åŠ›é‚£æŠ“,https://www.douban.com/people/191433802/
213518055,é˜¿ç™½,https://www.douban.com/people/213518055/
191264716,å›é”…è‘«èŠ¦,https://www.douban.com/people/191264716/
203671534,è‡ªåŠ©è™¾,https://www.douban.com/people/203671534/
130867524,nsl,https://www.douban.com/people/130867524/
173940003,ã€‚,https://www.douban.com/people/173940003/
77656232,Gakkié¢œç²‰,https://www.douban.com/people/77656232/
62432368,æ‰“ä¸ªé…±æ²¹,https://www.douban.com/people/62432368/
61508981,å¡”å¡”,https://www.douban.com/people/61508981/
156453631,é£è½®æµ·å¥³å­©,https://www.douban.com/people/156453631/
214752496,å¾®å¾®ä¸€ç¬‘,https://www.douban.com/people/214752496/
214695669,è±†å‹214695669,https://www.douban.com/people/214695669/
cannedpineapple,Panadol,https://www.douban.com/people/cannedpineapple/
142679734,litterbird,https://www.douban.com/people/142679734/
179490990,koko,https://www.douban.com/people/179490990/
63981657,å°å¿ƒåœ°æ»‘,https://www.douban.com/people/63981657/
134309957,W,https://www.douban.com/people/134309957/
188495567,å‘€,https://www.douban.com/people/188495567/
214069189,tyrr391,https://www.douban.com/people/214069189/
180208516,é£Ÿå„µ,https://www.douban.com/people/180208516/
102937298,è·¯äºº,https://www.douban.com/people/102937298/
208586899,å¢¨,https://www.douban.com/people/208586899/
49396063,WinselaiğŸ»,https://www.douban.com/people/49396063/
181030352,è‚†æ„é£æ‰¬,https://www.douban.com/people/181030352/
213896384,è¡Œ,https://www.douban.com/people/213896384/
68966206,èŠ±æœ¨æ‰¶ç–,https://www.douban.com/people/68966206/
146928951,SEverineé‚“,https://www.douban.com/people/146928951/
199294029,é™ˆæ·±,https://www.douban.com/people/199294029/
54338591,é˜¿å–†,https://www.douban.com/people/54338591/
154741607,ä¸€æšæœå­,https://www.douban.com/people/154741607/
211867569,å››æœˆ,https://www.douban.com/people/211867569/
61503852,é»˜å®¢,https://www.douban.com/people/61503852/
153830812,yolanda,https://www.douban.com/people/153830812/
183425443,Gloria,https://www.douban.com/people/183425443/
157350787,3pishita,https://www.douban.com/people/157350787/
155319827,clear2020,https://www.douban.com/people/155319827/
128953374,TuKi,https://www.douban.com/people/128953374/
195804156,è±†å‹195804156,https://www.douban.com/people/195804156/
214623281,kittyç™½ç¾Š,https://www.douban.com/people/214623281/
194590548,C'est la vie,https://www.douban.com/people/194590548/
146403642,æ±Ÿæ¹–éª—å­,https://www.douban.com/people/146403642/
214559566,å¤•é¢œæ³ªç—•,https://www.douban.com/people/214559566/
152592889,52HZî”,https://www.douban.com/people/152592889/
141605807,ç‹å¤§å®,https://www.douban.com/people/141605807/
157723876,ç¿»æ»šçš„å°çƒ,https://www.douban.com/people/157723876/
190592308,éš,https://www.douban.com/people/190592308/
212925084,å·®ä¸‰å².,https://www.douban.com/people/212925084/
182396031,æ±Ÿæ¹–éª—å­,https://www.douban.com/people/182396031/
157257110,çƒ§ä»™è‰ä¸è¦èŠ±ç”Ÿ,https://www.douban.com/people/157257110/
2576816,å‡¤ç‹çš„ä½¿è€…,https://www.douban.com/people/2576816/
188519758,é£é—´,https://www.douban.com/people/188519758/
128062350,å‘ä¸Š,https://www.douban.com/people/128062350/
149604300,ä¸­æ€§ç¬”æ›¿æ¢èŠ¯å„¿,https://www.douban.com/people/149604300/
147654401,ä»Šå¤©åƒå•¥,https://www.douban.com/people/147654401/
158198512,èéº¦é¢,https://www.douban.com/people/158198512/
213556562,æ£‰èŠ±ç³–,https://www.douban.com/people/213556562/
193471648,ä¸€åªå°ç†Š,https://www.douban.com/people/193471648/
181964327,å·²æ³¨é”€,https://www.douban.com/people/181964327/
51325432,12358Yn,https://www.douban.com/people/51325432/
192577411,æ´›æ™šæ™´,https://www.douban.com/people/192577411/
211993054,æ¼‰è¨€,https://www.douban.com/people/211993054/
110004858,å¿ƒæƒ…æœ‰ç‚¹ç³Ÿ,https://www.douban.com/people/110004858/
159324340,doubano,https://www.douban.com/people/159324340/
bamboolive_34,è‹¦ç«¹,https://www.douban.com/people/bamboolive_34/
Riverscool,å¥ˆæ–¯-dust,https://www.douban.com/people/Riverscool/
197493656,è¥¿è¥¿å­,https://www.douban.com/people/197493656/
156811696,æ™“åŒ—å¯’,https://www.douban.com/people/156811696/
195501629,äº²è¹,https://www.douban.com/people/195501629/
201866810,å…”å¬·å¬·,https://www.douban.com/people/201866810/
204315701,å¹»å¬å¹»å½±,https://www.douban.com/people/204315701/
129041484,é›¨,https://www.douban.com/people/129041484/
200546822,å±±å›,https://www.douban.com/people/200546822/
140432355,ç®€,https://www.douban.com/people/140432355/
195748556,ë¤ë¤í•˜ë‹¤,https://www.douban.com/people/195748556/
213895112,58å·,https://www.douban.com/people/213895112/
133814762,STAR*å°èŒ¶é¥¼,https://www.douban.com/people/133814762/
149190551,æ»šæ»šåœ†,https://www.douban.com/people/149190551/
93186747,ç»¿è…°,https://www.douban.com/people/93186747/
190239380,å²³ä¸€å®‰,https://www.douban.com/people/190239380/
169692465,æˆ‘å°±æ˜¯æ˜¯å°å¯çˆ±,https://www.douban.com/people/169692465/
lifeinthesea,è‹æ¸…å’Œ,https://www.douban.com/people/lifeinthesea/
58612152,å°è‘±ç‚–åœ°çƒğŸŒ,https://www.douban.com/people/58612152/
158019534,xfChen,https://www.douban.com/people/158019534/
159096076,æ˜¥å¤©å¿«ä¹,https://www.douban.com/people/159096076/
153877014,å‘¨æ ‘,https://www.douban.com/people/153877014/
164235908,å”±å”±åè°ƒ,https://www.douban.com/people/164235908/
212617182,è˜‘è‡é†¬,https://www.douban.com/people/212617182/
95175389,ğŸ‘PPFF,https://www.douban.com/people/95175389/
189947950,å—¯å‘å—¯å‘,https://www.douban.com/people/189947950/
143669985,äº²çˆ±çš„,https://www.douban.com/people/143669985/
176193247,ä¸‰æ°´,https://www.douban.com/people/176193247/
130063704,å·²æ³¨é”€,https://www.douban.com/people/130063704/
206878453,è±†å‹206878453,https://www.douban.com/people/206878453/
190947666,ç­‰é£æ¥,https://www.douban.com/people/190947666/
173755429,æ˜¯å·è¡Œ,https://www.douban.com/people/173755429/
cocatea,å·¦æ‰‹å¯ä¹å³æ‰‹èŒ¶,https://www.douban.com/people/cocatea/
162985574,ã¯ãŸã¡,https://www.douban.com/people/162985574/
97696257,å¥½å¥½è¯´å†è§,https://www.douban.com/people/97696257/
132989337,æ›¾ä¸€,https://www.douban.com/people/132989337/
156935524,#null,https://www.douban.com/people/156935524/
79597131,lunatic,https://www.douban.com/people/79597131/
Quac,æ—ä¹‹ç š,https://www.douban.com/people/Quac/
159054055,çŒ«å¤´,https://www.douban.com/people/159054055/
90515017,è‹¥å…°å¹½é¦™,https://www.douban.com/people/90515017/
125176282,è¥¿å†·é¸¡æ’,https://www.douban.com/people/125176282/
210765050,upup,https://www.douban.com/people/210765050/
159802305,æ‰¾ä¸åˆ°äº†,https://www.douban.com/people/159802305/
203745175,å®½å®½åˆŠ,https://www.douban.com/people/203745175/
190810413,æ—ºæ—ºç‹—é¥¼,https://www.douban.com/people/190810413/
210907794,yx.xiong,https://www.douban.com/people/210907794/
156866003,ç„¶å­,https://www.douban.com/people/156866003/
wang2v,å¿ƒæ­»ç´«èœè›‹èŠ±æ±¤,https://www.douban.com/people/wang2v/
214435100,éšé£è€Œèµ·,https://www.douban.com/people/214435100/
163029652,æ—¶èŠ‚,https://www.douban.com/people/163029652/
167917750,å½¤å½¤ç¾Š,https://www.douban.com/people/167917750/
206034083,å¥½å—å¥½çš„,https://www.douban.com/people/206034083/
173866463,Pumpkin,https://www.douban.com/people/173866463/
148116583,å¥ˆå¥ˆ,https://www.douban.com/people/148116583/
205100170,ç¬‘ä¹ŸåŒåŒ,https://www.douban.com/people/205100170/
156596592,ã€‚,https://www.douban.com/people/156596592/
153839458,D,https://www.douban.com/people/153839458/
189233518,æ ¤,https://www.douban.com/people/189233518/
175804735,sisterRebacaa,https://www.douban.com/people/175804735/
213918309,æ¸…æ±¤å°è¾£æ¡,https://www.douban.com/people/213918309/
151082718,å‡‹é›¶,https://www.douban.com/people/151082718/
61992238,æ˜•æ˜•æœ‰å‡ é¢—,https://www.douban.com/people/61992238/
129124588,ä»Šå¤©æˆ‘ç˜¦äº†å—,https://www.douban.com/people/129124588/
sosok,é’±å¤šå¤š,https://www.douban.com/people/sosok/
127727328,castadiva,https://www.douban.com/people/127727328/
3635206,luå°c,https://www.douban.com/people/3635206/
181847321,ã€‚ã€‚ã€‚,https://www.douban.com/people/181847321/
173231801,pptpeter,https://www.douban.com/people/173231801/
206107730,è±†å‹206107730,https://www.douban.com/people/206107730/
NTuUl,å±…å¤©å®‡,https://www.douban.com/people/NTuUl/
155415531,î—î……é˜¿æœ¨,https://www.douban.com/people/155415531/
185434643,ç‰¹çº³,https://www.douban.com/people/185434643/
197296953,Sakuno,https://www.douban.com/people/197296953/
198739869,æ°¸è¿œå›°æƒ‘,https://www.douban.com/people/198739869/
201288859,åœ¨è·¯ä¸Š,https://www.douban.com/people/201288859/
44481214,fffloat_,https://www.douban.com/people/44481214/
sophia90322,sasa,https://www.douban.com/people/sophia90322/
206268153,åé›¨,https://www.douban.com/people/206268153/
173885184,æˆ‘çš„ä¸ƒæœˆ,https://www.douban.com/people/173885184/
161555698,1234567,https://www.douban.com/people/161555698/
207924386,é˜¿æ–‡çš„è¯»ä¹¦ç¬”è®°,https://www.douban.com/people/207924386/
78541477,å·²,https://www.douban.com/people/78541477/
187799110,å°è‚¥è™¾,https://www.douban.com/people/187799110/
213086259,ç¦»å¹´æµæœˆ,https://www.douban.com/people/213086259/
209084225,æ—¶è‰¾,https://www.douban.com/people/209084225/
147006291,æ±Ÿæ¹–éª—å­çœ‹æ±Ÿæ¹–éª—å­,https://www.douban.com/people/147006291/
203521642,å»æˆ,https://www.douban.com/people/203521642/
162200286,ãºæ›¸å†©æ™‚å…‰,https://www.douban.com/people/162200286/
79747948,é£ç¿”,https://www.douban.com/people/79747948/
80738686,ç™½é¸Ÿç”Ÿ,https://www.douban.com/people/80738686/
189168064,è®¨åŒé¦™è‘±,https://www.douban.com/people/189168064/
194470003,å¤§é£,https://www.douban.com/people/194470003/
158553850,sprodoi,https://www.douban.com/people/158553850/
59122599,æ™šå®‰,https://www.douban.com/people/59122599/
88031376,å´åŒå­¦ä¸å†·,https://www.douban.com/people/88031376/
202155796,ç©†é”¡é’°,https://www.douban.com/people/202155796/
156223603,ğŸ‡¨ğŸ‡³p !n k,https://www.douban.com/people/156223603/
200111251,C,https://www.douban.com/people/200111251/
144499987,Jannalove,https://www.douban.com/people/144499987/
212906995,å•å•,https://www.douban.com/people/212906995/
166644017,hello,https://www.douban.com/people/166644017/
188940794,vernichte,https://www.douban.com/people/188940794/
146416389,å±±å,https://www.douban.com/people/146416389/
147386677,lsaballe,https://www.douban.com/people/147386677/
92231092,äººç”Ÿè‹¥èƒ½ctrl+v,https://www.douban.com/people/92231092/
181979140,å¤æœ«èŠ±é»,https://www.douban.com/people/181979140/
167205764,é¥å²‘,https://www.douban.com/people/167205764/
199183386,é£æ ¼ä¸ç»Ÿä¸€,https://www.douban.com/people/199183386/
192064884,bluesoda,https://www.douban.com/people/192064884/
lixiang198973,æ¸…æ¾ˆç†æƒ³,https://www.douban.com/people/lixiang198973/
214068311,Kæ©™æ±æ±½æ°´,https://www.douban.com/people/214068311/
211668443,0,https://www.douban.com/people/211668443/
187350588,éšå¿ƒæ‰€è‡³,https://www.douban.com/people/187350588/
151729795,é•¿å®‰æ— é¦–,https://www.douban.com/people/151729795/
184471032,æœ¨ã®ä¸‹,https://www.douban.com/people/184471032/
170733270,çˆ±æ·˜ä¸æ¡ƒ,https://www.douban.com/people/170733270/
87416599,deng,https://www.douban.com/people/87416599/
134746374,Kyle,https://www.douban.com/people/134746374/
66307858,æˆ‘è¦ä¸Šå¤©,https://www.douban.com/people/66307858/
193940428,è°ç…ç†¬ï¼›,https://www.douban.com/people/193940428/
198898434,kkkkkkk,https://www.douban.com/people/198898434/
197701815,å¡å°”,https://www.douban.com/people/197701815/
213864841,é™†,https://www.douban.com/people/213864841/
206658676,åŒ–ä¸åŒ–å¦†ä¸€ä¸ªæ ·,https://www.douban.com/people/206658676/
173417880,week,https://www.douban.com/people/173417880/
211562918,ğŸ‰‘ğŸ‰‘_é…±_,https://www.douban.com/people/211562918/
92970837,ã€‚å¿ƒæ‘§,https://www.douban.com/people/92970837/
208146234,æ£®æ—è€è™æ˜¯èŠå£«,https://www.douban.com/people/208146234/
58401783,åˆæƒ³æ¢åå­—äº†,https://www.douban.com/people/58401783/
152553915,amber,https://www.douban.com/people/152553915/
194120697,Doris,https://www.douban.com/people/194120697/
212827987,æ™“å–µ,https://www.douban.com/people/212827987/
210023961,é™ˆmm,https://www.douban.com/people/210023961/
83505970,å¤§å…”å­çˆ±åƒè‚‰,https://www.douban.com/people/83505970/
165322756,æ¡‘æ¤¹åå¸,https://www.douban.com/people/165322756/
213777146,è±†å‹213777146,https://www.douban.com/people/213777146/
44663869,è±ç‰¹æ˜,https://www.douban.com/people/44663869/
151749726,ç®€é€¸,https://www.douban.com/people/151749726/
katherrria,Qneenie,https://www.douban.com/people/katherrria/
123730595,è€è™è‰è‰,https://www.douban.com/people/123730595/
213395824,zoe.w,https://www.douban.com/people/213395824/
174950396,é¹é¹å›,https://www.douban.com/people/174950396/
141721816,Tiami,https://www.douban.com/people/141721816/
213879505,åˆæ¨±,https://www.douban.com/people/213879505/
152594337,æ¸¡,https://www.douban.com/people/152594337/
162480983,v,https://www.douban.com/people/162480983/
152974227,æŸæŸæŸè¦æš´å¯Œ,https://www.douban.com/people/152974227/
211786420,å·²æ³¨é”€,https://www.douban.com/people/211786420/
192303463,éœéº»è¾£ä¸åƒè¾£,https://www.douban.com/people/192303463/
179520969,å•¦123ğŸ°ó¾“­,https://www.douban.com/people/179520969/
138069158,é¡ºå…¶è‡ªç„¶,https://www.douban.com/people/138069158/
oldoldpear,E-714342,https://www.douban.com/people/oldoldpear/
197461051,æ‘ä¸Šï¼šç‡ƒçƒ§,https://www.douban.com/people/197461051/
172245687,é˜³å…‰å’Œé›¨éœ²,https://www.douban.com/people/172245687/
155503734,zigzag,https://www.douban.com/people/155503734/
213799477,æ˜å¤©å†å‡è‚¥,https://www.douban.com/people/213799477/
175531142,ä¸Šå®˜çœŸç£,https://www.douban.com/people/175531142/
204264642,åƒç§‹,https://www.douban.com/people/204264642/
155585702,ä¸¤æ£µç”Ÿèœ,https://www.douban.com/people/155585702/
m_ercury,M,https://www.douban.com/people/m_ercury/
192400376,plan b,https://www.douban.com/people/192400376/
179733814,æ™šæ¬§,https://www.douban.com/people/179733814/
64206828,æ‹çˆ±çš„äº‘,https://www.douban.com/people/64206828/
167114136,ç¦»ä¸ƒ,https://www.douban.com/people/167114136/
199366044,æ˜¯å•¦æ˜¯å•¦æ˜¯çš„å‘¢,https://www.douban.com/people/199366044/
192911452,æ±½æ°´,https://www.douban.com/people/192911452/
187198809,è±†å‹187198809,https://www.douban.com/people/187198809/
190183407,ä¸¾ä¸ªæ —å­å§.,https://www.douban.com/people/190183407/
204204261,Aurora,https://www.douban.com/people/204204261/
142878067,å‰å«æ”€é²ˆ,https://www.douban.com/people/142878067/
165207690,ç®¡ç†å°å‘˜,https://www.douban.com/people/165207690/
143666396,Novacane,https://www.douban.com/people/143666396/
200992797,è±†å‹200992797,https://www.douban.com/people/200992797/
168759898,å¿«ä¹æ°å…‹,https://www.douban.com/people/168759898/
155580752,ç§‹-æœå„¿,https://www.douban.com/people/155580752/
128502032,ä»å–§,https://www.douban.com/people/128502032/
209290025,æ˜¯èƒœèƒœå•Š,https://www.douban.com/people/209290025/
171230605,æ‚ æ‚ ,https://www.douban.com/people/171230605/
60065470,Doreen,https://www.douban.com/people/60065470/
166817206,æ­¢æ°´ä¹‹å½±,https://www.douban.com/people/166817206/
93357591,hh.,https://www.douban.com/people/93357591/
127994766,å¤§æ’é¢,https://www.douban.com/people/127994766/
148375136,æ˜¥å¤©,https://www.douban.com/people/148375136/
170287933,ç®¡ç†ï¿³å‘˜,https://www.douban.com/people/170287933/
161383535,TongBo-Lao,https://www.douban.com/people/161383535/
177547804,æ— èƒ½çš„æ‚²è§‚ä¸»ä¹‰,https://www.douban.com/people/177547804/
nats,sunlz,https://www.douban.com/people/nats/
208880331,çƒ­å¿ƒç½‘å‹,https://www.douban.com/people/208880331/
156837089,èŒ¶èŒ¶,https://www.douban.com/people/156837089/
184196727,æ—¥å¸¸ç©å„¿é’»çŸ³,https://www.douban.com/people/184196727/
154506719,å°šå¥½çš„é’æ˜¥,https://www.douban.com/people/154506719/
184260900,æ‚¬å´–ä¸Šçš„é‡‘é±¼å§¬,https://www.douban.com/people/184260900/
207755146,Sylvia,https://www.douban.com/people/207755146/
200052101,inner peace,https://www.douban.com/people/200052101/
132436032,çˆ±åƒç“œå­çš„å‘±å‘±,https://www.douban.com/people/132436032/
166652959,é˜¿æ‡µ,https://www.douban.com/people/166652959/
196522379,è±†å‹196522379,https://www.douban.com/people/196522379/
168773656,A  ç¨‹ç¨‹ğŸ’—æœæœ,https://www.douban.com/people/168773656/
183858276,zkeke,https://www.douban.com/people/183858276/
213429731,å°è¨¸ã€,https://www.douban.com/people/213429731/
213398714,æ¨å¹³,https://www.douban.com/people/213398714/
160246363,ç©¿è£¤å­çš„è•¾æ‹‰,https://www.douban.com/people/160246363/
191348282,æ€¡æ€¡éšé£,https://www.douban.com/people/191348282/
211234123,é¡¾ç‹¬,https://www.douban.com/people/211234123/
213370586,å¥½å¥‡æŒ–æ˜æœº,https://www.douban.com/people/213370586/
192785246,è¡£æˆ‘ä»¥ä¸æœ½,https://www.douban.com/people/192785246/
205525666,MYJDRH,https://www.douban.com/people/205525666/
198272250,è±†å‹è¥¿è¥¿ä¹ä¹,https://www.douban.com/people/198272250/
167928903,é»ç¦¾ä¹‹é¦™,https://www.douban.com/people/167928903/
96810655,Nichbinå°¼å½¬,https://www.douban.com/people/96810655/
187083029,Ursula,https://www.douban.com/people/187083029/
206657318,å“‡å’”å’”,https://www.douban.com/people/206657318/
197476819,ç¾¡æ…•çŒ«å”çš„çŒ«ç”Ÿ,https://www.douban.com/people/197476819/
197502100,åº¸,https://www.douban.com/people/197502100/
210318284,æ°´é™†è‰æœ¨,https://www.douban.com/people/210318284/
179786629,åé‡Œæ²³ç«¥,https://www.douban.com/people/179786629/
212254274,å¼€é˜”,https://www.douban.com/people/212254274/
84500802,æƒ³è§ç§‹ç‘æƒ³è§ä½ ,https://www.douban.com/people/84500802/
150748303,æ¶é­”çš„åè„šè·Ÿ,https://www.douban.com/people/150748303/
209295793,è¿ªè¿¦ç‰¹å¥¥,https://www.douban.com/people/209295793/
183575163,å’šå’š,https://www.douban.com/people/183575163/
160826750,å˜€å—’å˜€å—’å˜€å—’,https://www.douban.com/people/160826750/
199176306,R,https://www.douban.com/people/199176306/
196722333,ã€‚,https://www.douban.com/people/196722333/
121879739,miihapirelex,https://www.douban.com/people/121879739/
203744408,è±†å‹203744408,https://www.douban.com/people/203744408/
148331266,æ¸…æœ¨,https://www.douban.com/people/148331266/
Whauff,çŸ³å™¨åŒ–,https://www.douban.com/people/Whauff/
161350424,ä¸€æ­§æ—¥å’Œ,https://www.douban.com/people/161350424/
200933078,å§œä¸åƒå§œ,https://www.douban.com/people/200933078/
162201858,è›‹è›‹,https://www.douban.com/people/162201858/
189820012,ç•ªèŒ„ç«é”…çˆ±å¥½è€…,https://www.douban.com/people/189820012/
melodyjxs,åƒæ â‰ˆ,https://www.douban.com/people/melodyjxs/
iris1992chen,å¤šäº‘çš„æ˜¥å¤©,https://www.douban.com/people/iris1992chen/
174566684,happyæ³¡æ³¡,https://www.douban.com/people/174566684/
54777607,cactus,https://www.douban.com/people/54777607/
209861164,æ—å…¶é‡,https://www.douban.com/people/209861164/
195065644,ç™½ç™½çš„åœˆåœˆ,https://www.douban.com/people/195065644/
203977689,å åœç”»å©†,https://www.douban.com/people/203977689/
213113090,æœˆäº®,https://www.douban.com/people/213113090/
41459478,mila,https://www.douban.com/people/41459478/
167946959,â¿»,https://www.douban.com/people/167946959/
198569770,åªåªåªåª,https://www.douban.com/people/198569770/
179335992,æ¥ä¸–æƒ³è§,https://www.douban.com/people/179335992/
211535298,å¸Œæœ›,https://www.douban.com/people/211535298/
149032906,å‘\_(ãƒ„)_,https://www.douban.com/people/149032906/
190015536,å¾å°é±¼ğŸ ,https://www.douban.com/people/190015536/
152869038,ç ‚ç³–,https://www.douban.com/people/152869038/
126814541,Leon ã€‚,https://www.douban.com/people/126814541/
175245033,äº‘æµ,https://www.douban.com/people/175245033/
51768585,å¼ƒæŒ£çš„å’¸é±¼ğŸ ,https://www.douban.com/people/51768585/
212965642,Ğªing,https://www.douban.com/people/212965642/
143550185,ä»Šç”Ÿä»Šä¸–,https://www.douban.com/people/143550185/
196666785,ç”Ÿç…,https://www.douban.com/people/196666785/
156791807,å°ç’é…±,https://www.douban.com/people/156791807/
196676080,915kg,https://www.douban.com/people/196676080/
141970287,å¥”è·‘çš„è‰è“é…±,https://www.douban.com/people/141970287/
144080093,åˆè¯†,https://www.douban.com/people/144080093/
168782305,nektar,https://www.douban.com/people/168782305/
181646185,muran,https://www.douban.com/people/181646185/
212911588,ä¸‰æ¯ä¸¤ç›,https://www.douban.com/people/212911588/
153660187,è‹å•Šè‹å•Šè‹,https://www.douban.com/people/153660187/
187319296,Hué˜¿èƒ¡,https://www.douban.com/people/187319296/
209490364,å‡è‚¥ä¸æˆåŠŸä¸æ”¹,https://www.douban.com/people/209490364/
179748373,ç©º,https://www.douban.com/people/179748373/
152897871,æ— æ³•åœæ­¢å¹»æƒ³,https://www.douban.com/people/152897871/
195263347,ChloeeeeeeDel,https://www.douban.com/people/195263347/
64857802,éæ± ,https://www.douban.com/people/64857802/
178156922,lukecerd,https://www.douban.com/people/178156922/
162237477,è®¨åŒçš„å‹‡æ°”,https://www.douban.com/people/162237477/
146720576,ä½™åŠ è²,https://www.douban.com/people/146720576/
